Ngày giao,Mã giao dịch,Mã thuê bao,Dịch vụ,Người thực hiện,MW001114157,Ngày hoàn công,Nội dung vướng mắc,,,,,
01/07/2026 08:12,VNP-TL/00066703,DI001027268,Internet trực tiếp,Đào Anh Vũ,Đã hoàn công,09/07/2026 07:50,Chuyển SOC/VTT thực hiện,,,,,
01/07/2026 08:13,HCM-TL/02768625,hcmtsl-07-062905,Internet trực tiếp,Vũ Thế Ninh,Đã hoàn công,03/07/2026 11:23,Đã báo đơn vị thi công,,,,,
01/07/2026 08:13,HCM-DV/15281866,DI001067541,Internet trực tiếp,Nguyễn Duy Thành,Đã hoàn công,02/07/2026 07:41,,,,,,
01/07/2026 08:14,V06/TD/260630/00438,dia000bo7,Internet trực tiếp,Đoàn Hải Hà,Đã hoàn công,01/07/2026 14:01,Phiếu thoái trả,,,,,
01/07/2026 08:16,VNP-TL/00066702,MW000010923,Megawan LT,Lê Đức Vinh,Đã hoàn công,01/07/2026 10:12,Đã chuyển VTT,,,,,
01/07/2026 08:19,VNP-LD/00074927,mnk0012fd,Metronet LT,Lê Đức Vinh,Đã hoàn công,01/07/2026 15:32,VTT thoái trả không đáp ứng thi công ,,,,,
01/07/2026 08:19,VNP-LD/00074928,mnk0012fp,Metronet LT,Lê Đức Vinh,Đã hoàn công,02/07/2026 13:56,Đã chuyển VTT,,,,,
01/07/2026 08:20,VNP-DV/00013500,MW000388751,Metronet LT,Vũ Thế Ninh,Đã hoàn công,01/07/2026 10:06,SOC 1 thoái trả vì kênh chỉ qua VTT k qua SOC,,,,,
01/07/2026 08:20,VNP-TD/00096280,MW000388755,Metronet LT,Vũ Thế Ninh,Đã hoàn công,02/07/2026 10:47,Đã báo đơn vị thi công,,,,,
01/07/2026 08:20,VNP-TD/00096281,MN001042206,Metronet LT,Vũ Thế Ninh,Đã hoàn công,03/07/2026 11:22,Đã báo đơn vị thi công,,,,,
01/07/2026 08:20,VNP-TD/00096282,MN001042199,Metronet LT,Vũ Thế Ninh,Đã hoàn công,02/07/2026 11:09,Đã báo đơn vị thi công,,,,,
01/07/2026 08:21,VNP-DV/00013498,manulife-vpbacninh-bnh,Fiber,Đăng Văn Minh,Đã hoàn công,01/07/2026 12:09,Đã chuyển yêu cầu đến VTT,,,,,
01/07/2026 08:42,51385,,Internet trực tiếp,Lê Đức Vinh,Đã hoàn công,02/07/2026 14:04,Đã chuyển VTT,,,,,
01/07/2026 08:45,VNP-LD/00073326,fbr00efdz,Fiber,Ngô Thị Minh Phương,Đã hoàn công,03/07/2026 09:29,LH với đơn vị để thực hiện kt  0912867766 + 0946561919 hạ tầng kh chưa xong - trả phiếu ,,,,,
01/07/2026 08:45,VNP-LD/00073326,fbr00efe6,Fiber,Vũ Thế Ninh,Đã hoàn công,03/07/2026 09:29,LH với đơn vị để thực hiện kt  0912867766 + 0946561919 hạ tầng kh chưa xong - trả phiếu ,,,,,
01/07/2026 08:45,VNP-LD/00073326,fbr00efcc,Fiber,Vũ Thế Ninh,Đã hoàn công,03/07/2026 09:29,LH với đơn vị để thực hiện kt  0912867766 + 0946561919 hạ tầng kh chưa xong - trả phiếu ,,,,,
01/07/2026 08:45,VNP-LD/00073326,fbr00efdb,Fiber,Vũ Thế Ninh,Đã hoàn công,03/07/2026 09:29,LH với đơn vị để thực hiện kt  0912867766 + 0946561919 hạ tầng kh chưa xong - trả phiếu ,,,,,
01/07/2026 08:45,VNP-LD/00073326,fbr00efdh,Fiber,Vũ Thế Ninh,Đã hoàn công,03/07/2026 09:29,LH với đơn vị để thực hiện kt  0912867766 + 0946561919 hạ tầng kh chưa xong - trả phiếu ,,,,,
01/07/2026 09:03,VNP-LD/00074882,wcm2cgz,Fiber,Ngô Thị Minh Phương,Đã hoàn công,02/07/2026 08:48,LH với đơn vị để thực hiện,,,,,
01/07/2026 09:04,BNH-LD/00927418,dia000ra4,Internet trực tiếp,Đào Anh Vũ,Đã hoàn công,06/07/2026 08:26,Chuyển SOC/VTT thực hiện,,,,,
01/07/2026 09:04,BNH-LD/00927418,dia000ra8,Internet trực tiếp,Đào Anh Vũ,Đã hoàn công,03/07/2026 10:09,Chuyển SOC/VTT thực hiện,,,,,
01/07/2026 09:04,BNH-LD/00927418,dia000ra3,Internet trực tiếp,Đào Anh Vũ,Đã hoàn công,02/07/2026 16:26,Chuyển SOC/VTT thực hiện,,,,,
01/07/2026 09:04,BNH-LD/00927418,dia000ra5,Internet trực tiếp,Đào Anh Vũ,Đã hoàn công,02/07/2026 16:26,Chuyển SOC/VTT thực hiện,,,,,
01/07/2026 09:05,VNP-LD/00074931,mnk0012hf,Metronet LT,Đào Anh Vũ,Đã hoàn công,02/07/2026 16:27,Chuyển SOC/VTT thực hiện,,,,,
01/07/2026 09:07,V06/LD/260701/02858,mnk0012hi,Metronet LT,Nguyễn Duy Thành,Đã hoàn công,07/07/2026 14:07,Khách hàng_0963.174.322 phải thuê cáp nội bộ trong FPT,Đã mail cảnh báo lần 2 - 06/07/2026 09:14,,,,
01/07/2026 09:44,VNP-TL/00066724,003058221MEN,Metronet LT,Đoàn Hải Hà,Đã hoàn công,01/07/2026 14:02,"Phiếu thoái trả, SOC báo không có mã kênh này",,,,,
01/07/2026 09:44,VNP-LD/00074936,mnk0012i2,Metronet NT,Đoàn Hải Hà,Đang xử lý,,Công An Tỉnh PTO chưa có thiết bị dể nhận kênh,Đã mail cảnh báo lần 3 - 08/07/2026 10:14,,,,
01/07/2026 09:46,V06/TL/260701/00029,dia000gr9,Internet trực tiếp,Đoàn Hải Hà,Đã hoàn công,06/07/2026 09:47,"SOC/VTT thực hiện, VTT HBH xác minh thanh lý",,,,,
01/07/2026 09:59,V06/TL/260701/00032,dia000gsc,Internet trực tiếp,Đào Anh Vũ,Đã hoàn công,06/07/2026 08:27,"Chuyển SOC/VTT thực hiện, SOC đã thanh lý",,,,,
01/07/2026 10:00,VNP-LD/00074942,mnk0012ic,Metronet LT,Đoàn Hải Hà,Đã hoàn công,03/07/2026 08:17,"SOC/VTT triển khai 
Khách hàng: chưa xong cơ sở hạ tầng",,,,,
01/07/2026 10:01,HGG-DV/00174846,DI001042112,Internet trực tiếp,Nguyễn Duy Thành,Đã hoàn công,01/07/2026 16:36,,,,,,
01/07/2026 10:02,HGG-DV/00174847,DI001042108,Internet trực tiếp,Nguyễn Duy Thành,Đã hoàn công,01/07/2026 16:36,,,,,,
01/07/2026 10:03,VNP-TL/00066735,mwk0008ii,Megawan NT,Lê Đức Vinh,Đã hoàn công,01/07/2026 16:40,Đã chuyển VTT,,,,,
01/07/2026 10:03,VNP-TL/00066736,MW000010325,Megawan NT,Lê Đức Vinh,Đã hoàn công,01/07/2026 16:39,Đã chuyển VTT,,,,,
01/07/2026 10:04,VNP-TL/00066733,mwk00096p,Megawan NT,Vũ Thế Ninh,Đã hoàn công,03/07/2026 11:22,Đã báo đơn vị thi công,,,,,
01/07/2026 10:08,VNP-TL/00066726,mwk000949,Megawan NT,Đào Anh Vũ,Đã hoàn công,02/07/2026 16:27,Chuyển VTT thực hiện,,,,,
01/07/2026 10:08,VNP-TL/00066729,mwk00093z,Megawan NT,Đào Anh Vũ,Đã hoàn công,02/07/2026 16:27,Chuyển VTT thực hiện,,,,,
01/07/2026 10:08,VNP-TL/00066730,mwk00093p,Megawan NT,Đào Anh Vũ,Đã hoàn công,02/07/2026 11:05,Chuyển VTT thực hiện,,,,,
01/07/2026 10:08,VNP-TL/00066734,mwk00093f,Megawan NT,Đào Anh Vũ,Đã hoàn công,02/07/2026 16:27,Chuyển VTT thực hiện,,,,,
01/07/2026 10:10,VNP-TL/00066727,mwk000965,Megawan NT,Vũ Thế Ninh,Đã hoàn công,03/07/2026 11:22,Đã báo đơn vị thi công,,,,,
01/07/2026 10:11,VNP-TL/00066725,MW000037632,Megawan NT,Nguyễn Duy Thành,Đã hoàn công,01/07/2026 10:50,,,,,,
01/07/2026 10:11,VNP-TL/00066728,mwk0008is,Megawan NT,Nguyễn Duy Thành,Đã hoàn công,01/07/2026 10:50,,,,,,
01/07/2026 10:11,VNP-TL/00066731,mwk0008i8,Megawan NT,Nguyễn Duy Thành,Đã hoàn công,01/07/2026 10:50,,,,,,
01/07/2026 10:11,VNP-TL/00066732,MW000010330,Megawan NT,Nguyễn Duy Thành,Đã hoàn công,01/07/2026 10:50,,,,,,
01/07/2026 10:38,VNP-LD/00074938,vcm2ckq,Fiber,Đăng Văn Minh,Đã hoàn công,06/07/2026 08:17,Đã chuyển yêu cầu đến VTT,,,,,
01/07/2026 10:38,VNP-LD/00074938,vcm2ckp,Fiber,Đăng Văn Minh,Đã hoàn công,06/07/2026 08:17,Đã chuyển yêu cầu đến VTT,,,,,
01/07/2026 10:51,51388,,Fiber,Đăng Văn Minh,Đã hoàn công,03/07/2026 08:21,Đã chuyển yêu cầu đến VTT,,,,,
01/07/2026 10:53,51391,,Internet trực tiếp,Vũ Thế Ninh,Đã hoàn công,01/07/2026 14:47,,,,,,
01/07/2026 10:55,V06/LD/260701/04638,mnk0012jo,Metronet LT,Đoàn Hải Hà,Đã hoàn công,06/07/2026 09:47,"Báo SOC/VTT triển khai, Khách hàng hẹn ngày 03/07 nhận bàn giao",,,,,
01/07/2026 10:55,VNP-TL/00066762,mwk0008jb,Megawan NT,Đoàn Hải Hà,Đã hoàn công,01/07/2026 14:31,,,,,,
01/07/2026 10:55,VNP-TL/00066767,MW001190452,Megawan LT,Đoàn Hải Hà,Đã hoàn công,01/07/2026 14:21,Báo VTT HBH triển khai,,,,,
01/07/2026 10:58,VNP-LD/00074947,mnk0012jn,Metronet LT,Đào Anh Vũ,Đã hoàn công,14/07/2026 10:05,"Chuyển SOC/VTT thực hiện , Chờ đầu xa thi công",Đã mail cảnh báo lần 3 - 08/07/2026 11:14,,,,
01/07/2026 13:43,VNP-DC/00015824,manulife-vpbacninh-bnh,Fiber,Đăng Văn Minh,Đã hoàn công,01/07/2026 16:07,Đã chuyển yêu cầu đến VTT,,,,,
01/07/2026 13:44,VNP-LD/00074951,fbr00h356,Fiber,Đăng Văn Minh,Đã hoàn công,02/07/2026 10:12,Đã chuyển yêu cầu đến VTT,,,,,
01/07/2026 13:45,VNP-LD/00074953,fbr00h3kb,Fiber,Đăng Văn Minh,Đã hoàn công,09/07/2026 10:06,"Khách hàng_Khách hàng chưa xong hạ tầng_KTV đến khảo sát, địa chỉ đang phá dỡ nhà chưa sửa chưa, khách báo khi nào xong sẽ liên hệ KTV để triển khai",Đã mail cảnh báo lần 3 - 08/07/2026 14:14,,,,
01/07/2026 13:47,VNP-TL/00066698,MN001063920,Metronet LT,Lê Đức Vinh,Đã hoàn công,01/07/2026 16:59,Đã chuyển VTT,,,,,
01/07/2026 13:47,VNP-TL/00066699,MN001047244,Metronet LT,Lê Đức Vinh,Đã hoàn công,02/07/2026 09:06,Đã chuyển VTT,,,,,
01/07/2026 13:47,VNP-TL/00066700,MN001063930,Metronet LT,Lê Đức Vinh,Đã hoàn công,01/07/2026 17:00,Đã chuyển VTT,,,,,
01/07/2026 13:47,VNP-TL/00066701,MN001047294,Metronet LT,Lê Đức Vinh,Đã hoàn công,02/07/2026 09:04,Đã chuyển VTT,,,,,
01/07/2026 13:48,VNP-LD/00074948,mnk0012kc,Metronet NT,Đoàn Hải Hà,Đã hoàn công,03/07/2026 08:36,"Triển khai theo dự án TSLCD phục vụ Văn bản Mật cho Nhà nước theo VB 9032/VNPT-CN cho UBND, HDND, MTTQ
Báo VTT VPC triển khai",,,,,
01/07/2026 13:48,VNP-LD/00074886,mnk0012bc,Metronet NT,Đoàn Hải Hà,Đã hoàn công,06/07/2026 09:45,"Triển khai theo dự án TSLCD phục vụ Văn bản Mật cho Nhà nước theo VB 9032/VNPT-CN cho UBND, HDND, MTTQ
Báo VTT VPC triển khai",,,,,
01/07/2026 13:48,VNP-LD/00074886,mnk0012k3,Metronet NT,Đoàn Hải Hà,Đã hoàn công,06/07/2026 09:45,"Triển khai theo dự án TSLCD phục vụ Văn bản Mật cho Nhà nước theo VB 9032/VNPT-CN cho UBND, HDND, MTTQ
Báo VTT VPC triển khai",,,,,
01/07/2026 13:48,VNP-LD/00074886,mnk0012k2,Metronet NT,Đoàn Hải Hà,Đã hoàn công,02/07/2026 08:29,"Triển khai theo dự án TSLCD phục vụ Văn bản Mật cho Nhà nước theo VB 9032/VNPT-CN cho UBND, HDND, MTTQ
Báo VTT VPC triển khai",,,,,
01/07/2026 13:48,VNP-LD/00074886,mnk0012b9,Metronet NT,Đoàn Hải Hà,Đã hoàn công,06/07/2026 09:45,"Triển khai theo dự án TSLCD phục vụ Văn bản Mật cho Nhà nước theo VB 9032/VNPT-CN cho UBND, HDND, MTTQ
Báo VTT VPC triển khai",,,,,
01/07/2026 13:48,VNP-LD/00074886,mnk0012bb,Metronet NT,Đoàn Hải Hà,Đã hoàn công,06/07/2026 09:46,"Triển khai theo dự án TSLCD phục vụ Văn bản Mật cho Nhà nước theo VB 9032/VNPT-CN cho UBND, HDND, MTTQ
Báo VTT VPC triển khai",,,,,
01/07/2026 13:50,BKN-TD/00081298,MN001343617,Metronet NT,Vũ Thế Ninh,Đã hoàn công,02/07/2026 10:59,Đã báo đơn vị thi công,,,,,
01/07/2026 13:50,VNP-TD/00096278,mnk0010c4,Metronet LT,Đào Anh Vũ,Đã hoàn công,14/07/2026 10:06,"Chuyển SOC/VTT thực hiện , SOC đã  thực hiện, VTT báo phiếu đi lỗi đang kiểm tra",Đã mail cảnh báo lần 3 - 08/07/2026 14:14,,,,
01/07/2026 13:53,VNP-TL/00066750,MW000010336,Megawan LT,Nguyễn Duy Thành,Đã hoàn công,02/07/2026 09:46,,,,,,
01/07/2026 13:54,VNP-TL/00066751,MW000010669,Megawan LT,Lê Đức Vinh,Đã hoàn công,01/07/2026 17:00,Đã chuyển VTT,,,,,
01/07/2026 13:54,VNP-TL/00066752,mwk0007rj,Megawan NT,Lê Đức Vinh,Đã hoàn công,01/07/2026 17:00,Đã chuyển VTT,,,,,
01/07/2026 13:55,VNP-TL/00066747,mwk0007qz,Megawan NT,Vũ Thế Ninh,Đã hoàn công,07/07/2026 16:16,Đã báo đơn vị thi công,Đã mail cảnh báo lần 2 - 06/07/2026 14:14,,,,
01/07/2026 13:55,VNP-TL/00066753,mwk0007qp,Megawan LT,Vũ Thế Ninh,Đã hoàn công,07/07/2026 16:16,Đã báo đơn vị thi công,Đã mail cảnh báo lần 2 - 06/07/2026 14:14,,,,
01/07/2026 13:56,VNP-TL/00066756,mwk0007ul,Megawan NT,Đào Anh Vũ,Đã hoàn công,02/07/2026 11:05,Chuyển VTT thực hiện,,,,,
01/07/2026 13:57,VNP-TL/00066768,DI000401269,Internet trực tiếp,Vũ Thế Ninh,Đã hoàn công,02/07/2026 14:10,Đã báo đơn vị thi công,,,,,
01/07/2026 14:24,HCM-TL/02769170,hcmtsl-1050-022814,Metronet LT,Nguyễn Duy Thành,Đã hoàn công,02/07/2026 07:42,,,,,,
01/07/2026 14:54,VNP-LD/00074961,mnk0012kq,Metronet NT,Nguyễn Duy Thành,Đã hoàn công,02/07/2026 12:11,,,,,,
01/07/2026 15:03,QNH-LD/00410512,dia000rc7,Internet trực tiếp,Nguyễn Duy Thành,Đã hoàn công,06/07/2026 07:39,Khách hàng_chưa xong cơ sở hạ tầng,,,,,
01/07/2026 16:01,VNP-LD/00074970,qtk0007b3,Kênh Thuê Riêng,Đoàn Hải Hà,Đã hoàn công,14/07/2026 10:48,SOC1 không đồngý hoàn công kênh quang trắng liên tỉnh,Đã mail cảnh báo lần 3 - 08/07/2026 16:14,,,,
01/07/2026 16:01,VNP-LD/00074970,qtk0007b3,Kênh Thuê Riêng,Đoàn Hải Hà,Đã hoàn công,14/07/2026 10:48,SOC1 không đồngý hoàn công kênh quang trắng liên tỉnh,Đã mail cảnh báo lần 3 - 08/07/2026 16:14,,,,
01/07/2026 16:12,VNP-TL/00066739,mwk000953,Megawan NT,Vũ Thế Ninh,Đã hoàn công,03/07/2026 11:23,Đã báo đơn vị thi công,,,,,
01/07/2026 16:14,VNP-TL/00066724,003058221MEN,Metronet LT,Đoàn Hải Hà,Đã hoàn công,02/07/2026 09:22,,,,,,
01/07/2026 16:15,HCM-TL/02769250,hcmtsl-1050-022797,Metronet LT,Nguyễn Duy Thành,Đã hoàn công,02/07/2026 13:40,,,,,,
01/07/2026 16:16,V06/TD/260701/25458,005237132MEN,Metronet LT,Nguyễn Duy Thành,Đã hoàn công,02/07/2026 07:42,,,,,,
01/07/2026 16:16,V06/TD/260701/25458,005243722MEN,Metronet LT,Nguyễn Duy Thành,Đã hoàn công,02/07/2026 07:42,,,,,,
01/07/2026 16:17,VNP-LD/00074972,dia000rd4,Internet trực tiếp,Đào Anh Vũ,Đã hoàn công,03/07/2026 10:19,Chuyển SOC/VTT thực hiện,,,,,
01/07/2026 16:19,HCM-TL/02769255,hcmtsl-1050-022818,Metronet LT,Nguyễn Duy Thành,Đã hoàn công,02/07/2026 13:40,,,,,,
01/07/2026 16:19,VNP-TL/00066737,MW000010681,Megawan NT,Lê Đức Vinh,Đã hoàn công,01/07/2026 17:01,,,,,,
01/07/2026 16:19,VNP-TL/00066738,MW000010341,Megawan NT,Lê Đức Vinh,Đã hoàn công,02/07/2026 14:40,,,,,,
01/07/2026 16:19,VNP-TL/00066740,MW000010323,Megawan NT,Lê Đức Vinh,Đã hoàn công,01/07/2026 17:01,,,,,,
01/07/2026 16:19,VNP-TL/00066742,mwk0008da,Megawan NT,Lê Đức Vinh,Đã hoàn công,01/07/2026 17:01,,,,,,
01/07/2026 16:19,VNP-TL/00066744,mwk000ayi,Megawan NT,Lê Đức Vinh,Đã hoàn công,01/07/2026 17:01,,,,,,
01/07/2026 16:22,VNP-DC/00015831,MW000007693,Megawan NT,Đào Anh Vũ,Đã hoàn công,03/07/2026 10:19,Chuyển VTT thực hiện,,,,,
01/07/2026 16:27,HCM-TL/02769259,hcmtsl-1050-022855,Metronet LT,Nguyễn Duy Thành,Đã hoàn công,02/07/2026 13:40,,,,,,
01/07/2026 16:28,VNP-TL/00066798,MW001051909,Megawan LT,Vũ Thế Ninh,Đã hoàn công,02/07/2026 10:42,Đã báo đơn vị thi công,,,,,
01/07/2026 16:29,HCM-TL/02769265,hcmtsl-1050-022858,Metronet LT,Nguyễn Duy Thành,Đã hoàn công,02/07/2026 13:40,,,,,,
01/07/2026 16:29,VNP-LD/00074505,fbr00gast,Fiber,Ngô Thị Minh Phương,Đã hoàn công,02/07/2026 08:48,LH với đơn vị để thực hiện,,,,,
01/07/2026 16:33,VNP-TL/00066800,MN001311212,Metronet NT,Vũ Thế Ninh,Đã hoàn công,02/07/2026 10:42,Đã báo đơn vị thi công,,,,,
01/07/2026 16:38,TBH-DC/00015623,tbhmgw-01-000863,Megawan LT,Vũ Thế Ninh,Đã hoàn công,14/07/2026 08:42,VNPT trả phiêu vì KH báo 2 tuần nữa mới chuyển,Đã mail cảnh báo lần 3 - 08/07/2026 17:14,,,,
01/07/2026 16:40,VNP-TL/00066801,MW001050196,Megawan LT,Vũ Thế Ninh,Đã hoàn công,03/07/2026 11:24,Đã báo đơn vị thi công,,,,,
01/07/2026 16:44,VNP-TL/00066802,MN001311663,Metronet NT,Vũ Thế Ninh,Đã hoàn công,02/07/2026 10:41,Đã báo đơn vị thi công,,,,,
01/07/2026 16:45,VNP-TL/00066803,MW001050202,Megawan LT,Lê Đức Vinh,Đã hoàn công,02/07/2026 14:38,Đã chuyển VTT,,,,,
02/07/2026 08:15,VNP-TL/00066838,vcm5813,Fiber,Đăng Văn Minh,Đã hoàn công,02/07/2026 10:13,Đã chuyển yêu cầu đến VTT,,,,,
02/07/2026 08:15,VNP-TL/00066839,vcm5803,Fiber,Đăng Văn Minh,Đã hoàn công,02/07/2026 10:13,Đã chuyển yêu cầu đến VTT,,,,,
02/07/2026 08:15,VNP-TL/00066808,dhl-vinhome,Fiber,Đăng Văn Minh,Đã hoàn công,02/07/2026 10:12,Đã chuyển yêu cầu đến VTT,,,,,
02/07/2026 08:15,51394,,Fiber,Đăng Văn Minh,Đã hoàn công,03/07/2026 09:01,Đã chuyển yêu cầu đến VTT,,,,,
02/07/2026 08:17,VNP-TL/00066819,rv1889286td,Fiber,Đăng Văn Minh,Đã hoàn công,07/07/2026 15:01,Đã chuyển yêu cầu đến VTT,Đã mail cảnh báo lần 2 - 07/07/2026 09:14,,,,
02/07/2026 08:17,VNP-TL/00066815,rvc-acb.cnbnh,Fiber,Đăng Văn Minh,Đã hoàn công,06/07/2026 09:25,Đã chuyển yêu cầu đến VTT,,,,,
02/07/2026 08:17,VNP-TL/00066818,rvc-vietlong,Fiber,Đăng Văn Minh,Đã hoàn công,06/07/2026 08:18,Đã chuyển yêu cầu đến VTT,,,,,
02/07/2026 08:19,VNP-TL/00066836,nhamay.vpc,Fiber,Đăng Văn Minh,Đã hoàn công,02/07/2026 10:42,Đã chuyển yêu cầu đến VTT,,,,,
02/07/2026 08:19,VNP-TL/00066841,vcm5700,Fiber,Ngô Thị Minh Phương,Đã hoàn công,02/07/2026 15:27,LH với đơn vị để thực hiện kt 0912843348 + 0915153357,,,,,
02/07/2026 08:19,VNP-TL/00066840,vcm5742,Fiber,Ngô Thị Minh Phương,Đã hoàn công,02/07/2026 15:28,LH với đơn vị để thực hiện kt 0913619689 + 0912825825,,,,,
02/07/2026 08:19,VNP-TL/00066837,nan_vincom16,Fiber,Ngô Thị Minh Phương,Đã hoàn công,02/07/2026 09:09,LH với đơn vị để thực hiện,,,,,
02/07/2026 08:19,VNP-TL/00066820,rongvietnq,Fiber,Ngô Thị Minh Phương,Đã hoàn công,02/07/2026 15:28,LH với đơn vị để thực hiện kt 0912510406 + 0913658595,,,,,
02/07/2026 08:19,VNP-TL/00066812,fthhl-rvc1,Fiber,Ngô Thị Minh Phương,Đã hoàn công,02/07/2026 15:28,LH với đơn vị để thực hiện kt  0946530888 + 0912458758,,,,,
02/07/2026 08:19,VNP-TL/00066807,rvchatinh-ftth,Fiber,Ngô Thị Minh Phương,Đã hoàn công,02/07/2026 09:52,LH với đơn vị để thực hiện,,,,,
02/07/2026 08:19,VNP-LD/00074974,tspth0320,Fiber,Ngô Thị Minh Phương,Đã hoàn công,02/07/2026 09:52, thoái trả KH không lắp nữa,,,,,
02/07/2026 08:23,VNP-TL/00066833,HTN1820,Metronet NT,Lê Đức Vinh,Đã hoàn công,03/07/2026 12:29,Đã chuyển VTT,,,,,
02/07/2026 08:23,VNP-TL/00066827,HTN2013,Metronet NT,Lê Đức Vinh,Đã hoàn công,02/07/2026 14:39,Đã chuyển VTT,,,,,
02/07/2026 08:23,VNP-TL/00066824,HTN2016,Metronet NT,Lê Đức Vinh,Đã hoàn công,02/07/2026 14:39,Đã chuyển VTT,,,,,
02/07/2026 08:23,VNP-TL/00066816,MN001311617,Metronet NT,Vũ Thế Ninh,Đã hoàn công,02/07/2026 10:40,,,,,,
02/07/2026 08:23,VNP-TL/00066804,MN001255299,Metronet NT,Vũ Thế Ninh,Đã hoàn công,02/07/2026 10:40,,,,,,
02/07/2026 08:25,VNP-LD/00074977,mnk0012md,Metronet LT,Đào Anh Vũ,Đã hoàn công,14/07/2026 10:06,"Chuyển SOC/VTT thực hiện , Chờ đầu xa thi công",Đã mail cảnh báo lần 3 - 09/07/2026 09:14,,,,
02/07/2026 08:25,VNP-TD/00096295,mnk0007ji,Metronet LT,Nguyễn Duy Thành,Đã hoàn công,02/07/2026 11:18,,,,,,
02/07/2026 08:26,51399,,Megawan LT,Nguyễn Duy Thành,Đã hoàn công,02/07/2026 10:28,,,,,,
02/07/2026 08:27,51402,,Megawan LT,Vũ Thế Ninh,Đã hoàn công,02/07/2026 11:17,Đã báo đơn vị thi công,,,,,
02/07/2026 08:30,VNP-LD/00074981,fbr00h5sa,Fiber,Ngô Thị Minh Phương,Đã hoàn công,02/07/2026 15:28,LH với đơn vị để thực hiện - đã báo Quang NAN -0947166332 - 0886337777,,,,,
02/07/2026 08:30,VNP-LD/00074980,fbr00h5qt,Fiber,Ngô Thị Minh Phương,Đã hoàn công,06/07/2026 10:46,kt báo thoái trả 0947166332 - 0886337777 hạ tầng kh chưa xong,Đã mail cảnh báo lần 1 - 06/07/2026 10:14,,,,
02/07/2026 09:07,VNP-LD/00074983,fbr00h61l,Fiber,Đăng Văn Minh,Đã hoàn công,14/07/2026 08:20,"Khách hàng_Khách hàng chưa xong hạ tầng_cửa hàng chưa sửa xong, dự kiến 2-3 ngày nữa mới triển khai được",Đã mail cảnh báo lần 3 - 09/07/2026 09:14,,,,
02/07/2026 09:09,LB6/LD/260701/13463,dia000re2,Internet trực tiếp,Đoàn Hải Hà,Đã hoàn công,06/07/2026 09:28,Khách hàng: hẹn ngày nhận kênh,,,,,
02/07/2026 09:34,VNP-LD/00074985,fbr00h66f,Fiber,Đăng Văn Minh,Đã hoàn công,03/07/2026 08:13,Đã chuyển yêu cầu đến VTT,,,,,
02/07/2026 09:34,VNP-LD/00074984,fbr00h63l,Fiber,Đăng Văn Minh,Đã hoàn công,03/07/2026 08:14,Đã chuyển yêu cầu đến VTT,,,,,
02/07/2026 09:35,V06/LD/260702/03032,mwk000rfh,Megawan LT,Đào Anh Vũ,Đã hoàn công,06/07/2026 11:04,Chuyển SOC/VTT thực hiện,Đã mail cảnh báo lần 1 - 06/07/2026 10:14,,,,
02/07/2026 10:04,VNP-KP/00001026,MN001063920,Metronet LT,Vũ Thế Ninh,Đã hoàn công,02/07/2026 10:52,SOC 1 trả vì kênh thanh lý không khôi phục,,,,,
02/07/2026 10:04,VNP-KP/00001027,MN001047244,Metronet LT,Vũ Thế Ninh,Đã hoàn công,02/07/2026 10:52,SOC 1 trả vì kênh thanh lý không khôi phục,,,,,
02/07/2026 10:04,VNP-KP/00001026,MN001063920,Metronet LT,Vũ Thế Ninh,Đã hoàn công,02/07/2026 10:52,SOC 1 trả vì kênh thanh lý không khôi phục,,,,,
02/07/2026 10:12,VNP-LD/00074993,mnk0012mp,Metronet NT,Lê Đức Vinh,Đã hoàn công,06/07/2026 16:20,Đã chuyển VTT,Đã mail cảnh báo lần 1 - 06/07/2026 10:14,,,,
02/07/2026 10:13,VNP-LD/00074995,fbr00h6il,Fiber,Ngô Thị Minh Phương,Đã hoàn công,03/07/2026 09:37,LH với đơn vị để thực hiện,,,,,
02/07/2026 10:15,51406,,Fiber,Đăng Văn Minh,Đã hoàn công,06/07/2026 15:05,Đã chuyển yêu cầu đến VTT,Đã mail cảnh báo lần 1 - 06/07/2026 11:14,,,,
02/07/2026 10:33,VNP-LD/00074998,mnk0012mz,Metronet NT,Lê Đức Vinh,Đã hoàn công,06/07/2026 08:52,Đã chuyển VTT,,,,,
02/07/2026 10:55,VNP-LD/00075001,dia000rgv,Internet trực tiếp,Đào Anh Vũ,Đã hoàn công,06/07/2026 11:04,Chuyển SOC/VTT thực hiện,,,,,
02/07/2026 10:55,VNP-TL/00066120,tc31010,Megawan LT,Đào Anh Vũ,Đã hoàn công,09/07/2026 07:51,VTT báo sai loại hình thuê bao,Đã mail cảnh báo lần 2 - 07/07/2026 11:14,,,,
02/07/2026 11:09,VNP-LD/00074673,fbr00glms,Fiber,Ngô Thị Minh Phương,Đã hoàn công,02/07/2026 15:29,LH với đơn vị để thực hiện,,,,,
02/07/2026 14:02,VNP-LD/00074404,fbr00g4fg,Fiber,Đoàn Hải Hà,Đã hoàn công,02/07/2026 15:18,,,,,,
02/07/2026 14:39,VNP-LD/00075009,tspth10244,Fiber,Đoàn Hải Hà,Đã hoàn công,06/07/2026 09:28,VTT thực hiện,,,,,
02/07/2026 14:40,VNP-LD/00075009,tspth10298,Fiber,Đoàn Hải Hà,Đã hoàn công,06/07/2026 09:28,VTT thực hiện,,,,,
02/07/2026 14:42,VNP-TL/00066859,MW000388235,Megawan NT,Nguyễn Duy Thành,Đã hoàn công,03/07/2026 07:43,,,,,,
02/07/2026 15:42,VNP-LD/00075011,mnk0012no,Metronet LT,Nguyễn Duy Thành,Đã hoàn công,03/07/2026 09:48,đã báo các đơn vị,,,,,
02/07/2026 15:43,VNP-TL/00066862,MW000386269,Megawan LT,Nguyễn Duy Thành,Đã hoàn công,03/07/2026 13:40,đã báo các đơn vị,,,,,
02/07/2026 16:14,51407,,Fiber,Đăng Văn Minh,Đã hoàn công,07/07/2026 16:01,Đã chuyển yêu cầu đến VTT,Đã mail cảnh báo lần 1 - 06/07/2026 16:14,,,,
02/07/2026 16:21,51414,,Fiber,Đoàn Hải Hà,Đã hoàn công,06/07/2026 14:29,Gửi VTT KS,,,,,
02/07/2026 16:21,51413,,Fiber,Đoàn Hải Hà,Đã hoàn công,06/07/2026 14:33,Gửi VTT KS,,,,,
02/07/2026 16:21,51411,,Fiber,Đoàn Hải Hà,Đã hoàn công,06/07/2026 14:33,Gửi VTT KS,,,,,
02/07/2026 16:28,HNI-DV/02121942,MW001303281,Megawan LT,Đoàn Hải Hà,Đã hoàn công,03/07/2026 08:02,SOC/VTT thực hiện,,,,,
02/07/2026 16:29,VNP-TL/00066863,mwk000r3y,Megawan LT,Đào Anh Vũ,Đã hoàn công,03/07/2026 10:22,Chuyển VTT thực hiện,,,,,
02/07/2026 16:30,51415,,Megawan LT,Đào Anh Vũ,Đã hoàn công,09/07/2026 07:51,Chuyển VTT thực hiện,Đã mail cảnh báo lần 2 - 07/07/2026 17:14,,,,
02/07/2026 16:32,51419,,Fiber,Đăng Văn Minh,Đã hoàn công,07/07/2026 16:07,Đã chuyển yêu cầu đến VTT,Đã mail cảnh báo lần 1 - 06/07/2026 17:14,,,,
02/07/2026 16:38,51426,,Megawan LT,Lê Đức Vinh,Đã hoàn công,06/07/2026 16:29,Đã chuyển VTT,,,,,
02/07/2026 16:39,VNP-DV/00013507,M171017,Megawan LT,Nguyễn Duy Thành,Đã hoàn công,06/07/2026 09:32,đã báo các đơn vị,,,,,
02/07/2026 16:41,VNP-LD/00075016,mnk0012o2,Metronet NT,Vũ Thế Ninh,Đã hoàn công,06/07/2026 08:58,Đã báo đơn vị thi công,,,,,
02/07/2026 16:41,51422,,Megawan LT,Vũ Thế Ninh,Đã hoàn công,03/07/2026 10:44,,,,,,
02/07/2026 16:41,VNP-DC/00015839,BKN2896,Metronet NT,Vũ Thế Ninh,Đã hoàn công,17/07/2026 15:18,KH chưa xong hạ tầng,Đã mail cảnh báo lần 3 - 09/07/2026 17:14,,,,
02/07/2026 16:42,VNP-TL/00066864,MW001081632,Megawan NT,Đoàn Hải Hà,Đã hoàn công,03/07/2026 08:05,VTT thực hiện,,,,,
02/07/2026 16:43,VNP-TL/00066865,MW001279404,Megawan NT,Đoàn Hải Hà,Đã hoàn công,03/07/2026 08:11,VTT thực hiện,,,,,
03/07/2026 08:33,VNP-DV/00013512,M171029,Megawan LT,Lê Đức Vinh,Đã hoàn công,06/07/2026 08:18,Đã chuyển VTT,,,,,
03/07/2026 08:33,VNP-DV/00013511,M171030,Megawan LT,Lê Đức Vinh,Đã hoàn công,06/07/2026 08:18,Đã chuyển VTT,,,,,
03/07/2026 08:34,VNP-DV/00013519,M171006,Megawan LT,Đào Anh Vũ,Đã hoàn công,06/07/2026 11:05,Chuyển SOC/VTT thực hiện,,,,,
03/07/2026 08:35,VNP-DV/00013514,M171024,Megawan LT,Đoàn Hải Hà,Đã hoàn công,06/07/2026 14:48,Báo SOC/VTT tạm ngưng,,,,,
03/07/2026 08:36,VNP-DC/00015840,MW000004381,Megawan LT,Nguyễn Duy Thành,Đã hoàn công,06/07/2026 08:14,đã báo các đơn vị,,,,,
03/07/2026 08:36,VNP-DV/00013516,M171016,Megawan LT,Nguyễn Duy Thành,Đã hoàn công,03/07/2026 13:43,đã báo các đơn vị,,,,,
03/07/2026 08:36,VNP-DV/00013513,M171028,Megawan LT,Nguyễn Duy Thành,Đã hoàn công,06/07/2026 07:48,đã báo các đơn vị,,,,,
03/07/2026 08:37,VNP-DV/00013518,M171011,Megawan LT,Vũ Thế Ninh,Đã hoàn công,03/07/2026 10:46,Phiếu lỗi k giao được tỉnh SOC 1 thoái trả,,,,,
03/07/2026 08:37,VNP-DV/00013517,M171014,Megawan LT,Vũ Thế Ninh,Đã hoàn công,06/07/2026 08:58,Đã báo đơn vị thi công,,,,,
03/07/2026 08:37,VNP-DV/00013515,M171022,Megawan LT,Vũ Thế Ninh,Đã hoàn công,06/07/2026 08:58,Đã báo đơn vị thi công,,,,,
03/07/2026 08:39,51436,,Megawan LT,Lê Đức Vinh,Đã hoàn công,06/07/2026 08:49,VTT: Gọi khảo sát khách không nghe máy nhiều lần đã báo AS Cường cho số liên hệ khác ,,,,,
03/07/2026 08:40,VNP-LD/00075031,mwk000rmw,Megawan NT,Lê Đức Vinh,Đã hoàn công,06/07/2026 08:44,Lỗi phiếu: Giao sai địa bàn nên tổ địa bàn không thấy phiếu để thi công đã báo AS Cường đẩy lại phiếu ,,,,,
03/07/2026 08:45,VNP-TL/00066868,MW000387384,Metronet NT,Đoàn Hải Hà,Đã hoàn công,03/07/2026 09:46,VTT thực hiện thanh lý,,,,,
03/07/2026 08:45,VNP-TL/00066869,MW000387377,Metronet NT,Đoàn Hải Hà,Đã hoàn công,03/07/2026 14:27,"Phiếu thoái trả, AS Hòa báo nhầm kênh",,,,,
03/07/2026 08:46,VNP-TL/00066867,MW000386610,Metronet NT,Nguyễn Duy Thành,Đã hoàn công,03/07/2026 10:08,"Lỗi phiếu_AS Hòa báo k/h báo cắt nhầm, yêu cầu THA trả phiếu",,,,,
03/07/2026 08:46,VNP-TL/00066866,MW000386611,Metronet NT,Nguyễn Duy Thành,Đã hoàn công,03/07/2026 10:08,"Lỗi phiếu_AS Hòa báo k/h báo cắt nhầm, yêu cầu THA trả phiếu",,,,,
03/07/2026 09:26,VNP-DC/00015843,cmcghntongcuc5hni,Fiber,Đăng Văn Minh,Đã hoàn công,08/07/2026 14:25,"Đã thi công, bàn giao kênh cho khách hàng, phiếu đang lỗi chưa hoàn công được",Đã mail cảnh báo lần 2 - 08/07/2026 10:14,,,,
03/07/2026 09:28,V06/LD/260703/02758,dia000rok,Internet trực tiếp,Đào Anh Vũ,Đã hoàn công,09/07/2026 07:51,"Chuyển SOC/VTT thực hiện, chờ cáp nội bộ",Đã mail cảnh báo lần 2 - 08/07/2026 10:14,,,,
03/07/2026 09:57,51447,,Fiber,Ngô Thị Minh Phương,Đã hoàn công,03/07/2026 17:48,LH với đơn vị để thực hiện kt  0917363559,,,,,
03/07/2026 10:09,VNP-TL/00066879,cmc-ghn-tienhung.hni,Fiber,Đăng Văn Minh,Đã hoàn công,06/07/2026 08:18,Đã chuyển yêu cầu đến VTT,,,,,
03/07/2026 10:10,VNP-LD/00074230,vcm2cjd,Fiber,Ngô Thị Minh Phương,Đã hoàn công,03/07/2026 17:48,LH với đơn vị để thực hiện kt 0912804848 +0944240222 thoái trả Khách hàng chưa xây dựng xong cửa hàng không thi công được sẽ liên hệ lại sau,,,,,
03/07/2026 10:13,VNP-TD/00096307,DI000003434,Internet trực tiếp,Vũ Thế Ninh,Đã hoàn công,06/07/2026 08:58,Đã báo đơn vị thi công,,,,,
03/07/2026 10:14,VNP-LD/00074230,vcm2ckw,Fiber,Lê Đức Vinh,Đã hoàn công,06/07/2026 08:18,Đã chuyển VTT,,,,,
03/07/2026 10:15,VNP-LD/00074230,vcm2cjs,Fiber,Lê Đức Vinh,Đã hoàn công,06/07/2026 08:56,VTT thoái trả hiện tại địa chỉ lắp đặt chưa có điện để bàn giao kênh,,,,,
03/07/2026 10:15,VNP-TD/00096306,fbr00gg5r,Fiber,Đăng Văn Minh,Đã hoàn công,06/07/2026 08:19,Đã chuyển yêu cầu đến VTT,,,,,
03/07/2026 10:34,VNP-LD/00075048,vcm2chk,Fiber,Ngô Thị Minh Phương,Đã hoàn công,06/07/2026 08:31,LH với đơn vị để thực hiện kt 0944904999 +	0912497999,,,,,
03/07/2026 10:34,VNP-LD/00074705,vcm2ckm,Fiber,Ngô Thị Minh Phương,Đã hoàn công,06/07/2026 08:32,LH với đơn vị để thực hiện kt 0888068111 +0912838025 thoái trả do hạ tầng kh chưa xong,,,,,
03/07/2026 10:46,VNP-LD/00075051,fbr00h9tv,Fiber,Đăng Văn Minh,Đã hoàn công,06/07/2026 08:19,Đã chuyển yêu cầu đến VTT,,,,,
03/07/2026 10:47,VNP-LD/00075044,mnk0012rn,Metronet NT,Nguyễn Duy Thành,Đã hoàn công,06/07/2026 07:39,đã báo các đơn vị,,,,,
03/07/2026 10:48,VNP-LD/00075052,fbr00ha09,Fiber,Đăng Văn Minh,Đã hoàn công,06/07/2026 08:19,Đã chuyển yêu cầu đến VTT,,,,,
03/07/2026 10:57,51451,,Fiber,Đăng Văn Minh,Đã hoàn công,08/07/2026 15:58,Đã chuyển yêu cầu đến VTT,Đã mail cảnh báo lần 2 - 08/07/2026 11:14,,,,
03/07/2026 10:58,VNP-TL/00066880,MW000286957,Metronet NT,Nguyễn Duy Thành,Đã hoàn công,03/07/2026 14:24,đã báo các đơn vị,,,,,
03/07/2026 10:59,VNP-LD/00075054,fbr00ha1r,Fiber,Ngô Thị Minh Phương,Đã hoàn công,06/07/2026 08:32,LH với đơn vị để thực hiện kt 0912453279 +  0912771775,,,,,
03/07/2026 11:12,VNP-LD/00075055,fbr00ha4h,Fiber,Ngô Thị Minh Phương,Đã hoàn công,06/07/2026 08:32,LH với đơn vị để thực hiện  0913352123 +  0948997222,,,,,
03/07/2026 13:57,VNP-KP/00001029,MW000387384,Metronet NT,Đoàn Hải Hà,Đã hoàn công,06/07/2026 08:14,VTT thực hiện,,,,,
03/07/2026 14:03,VNP-LD/00075064,cmcghnhatecohni,Fiber,Đăng Văn Minh,Đã hoàn công,08/07/2026 14:32,"Hạ tầng đối tác_Chờ thủ tục cáp tòa nhà_Thoái trả phiếu di: Tòa nhà XHH Đông Dường, yêu cầu cung cấp hợp đồng, đã báo AS Vy, vi báo CMC làm việc với khách hàng đầu cuối để phối hợp với XHH Đông Dương",Đã mail cảnh báo lần 2 - 08/07/2026 14:14,,,,
03/07/2026 14:05,VNP-LD/00074447,mnk0011et,Metronet LT,Đào Anh Vũ,Đã hoàn công,14/07/2026 10:06,"Chuyển SOC/VTT thực hiện , Chờ đầu xa thi công",Đã mail cảnh báo lần 3 - 10/07/2026 14:14,,,,
03/07/2026 14:09,HCM-TD/00932256,DI001067718,Internet trực tiếp,Nguyễn Duy Thành,Đã hoàn công,03/07/2026 15:14,,,,,,
03/07/2026 14:10,51454,,Internet trực tiếp,Đào Anh Vũ,Đã hoàn công,09/07/2026 07:57,Chuyển VTT thực hiện,Đã mail cảnh báo lần 2 - 08/07/2026 14:14,,,,
03/07/2026 14:59,VNP-DC/00015846,cmcghndt302vpc,Fiber,Đăng Văn Minh,Đã hoàn công,09/07/2026 14:34,"Khách hàng_Khách hàng chưa xong hạ tầng_Thoái trả phiếu do khách hàng báo của hàng đã có kênh Internet rồi không làm dịch chuyển nữa, đã báo Vy kiểm tra",Đã mail cảnh báo lần 2 - 08/07/2026 15:14,,,,
03/07/2026 14:59,51456,,Fiber,Đăng Văn Minh,Đã hoàn công,07/07/2026 14:38,Đã chuyển yêu cầu đến VTT,,,,,
03/07/2026 15:00,51455,,Fiber,Ngô Thị Minh Phương,Đã hoàn công,03/07/2026 15:30,"LH với đơn vị để thực hiện kt để khảo sát         0913292107 báo cơ bản đáp ứng , còn kh  chưa nói cụ thể lắp ngày nào vào chõ nào",,,,,
03/07/2026 15:00,VNP-LD/00075065,fbr00haqh,Fiber,Ngô Thị Minh Phương,Đã hoàn công,06/07/2026 08:33,LH với đơn vị để thực hiện kt 0913532595 + 0913697385,,,,,
03/07/2026 15:07,NBH-LD/00341661,mnk0012uf,Metronet LT,Đào Anh Vũ,Đã hoàn công,06/07/2026 11:07,"Chuyển SOC/VTT thực hiện , SOC thoái trả do sai dịch vụ",,,,,
03/07/2026 15:07,VNP-LD/00074804,mnk001289,Metronet NT,Đào Anh Vũ,Đã hoàn công,09/07/2026 07:59,Chuyển SOC/VTT thực hiện,Đã mail cảnh báo lần 2 - 08/07/2026 15:14,,,,
03/07/2026 15:08,VNP-LD/00075049,mnk0012s9,Metronet LT,Đào Anh Vũ,Đang xử lý,,"Chuyển SOC/VTT thực hiện, Chờ đầu xa thi công",Đã mail cảnh báo lần 3 - 10/07/2026 15:14,,,,
03/07/2026 15:08,VNP-LD/00075059,mnk0012t3,Metronet LT,Đào Anh Vũ,Đã hoàn công,14/07/2026 10:07,"Chuyển SOC/VTT thực hiện, Chờ đầu xa thi công",Đã mail cảnh báo lần 3 - 10/07/2026 15:14,,,,
03/07/2026 15:08,VNP-LD/00075063,mnk0012tp,Metronet LT,Đào Anh Vũ,Đã hoàn công,14/07/2026 10:07,"Chuyển SOC/VTT thực hiện, Chờ đầu xa thi công",Đã mail cảnh báo lần 3 - 10/07/2026 15:14,,,,
03/07/2026 15:11,VNP-TL/00066886,MW000283512,Megawan NT,Nguyễn Duy Thành,Đã hoàn công,07/07/2026 09:47,đã báo các đơn vị,,,,,
03/07/2026 15:30,51462,,Fiber,Đăng Văn Minh,Đã hoàn công,07/07/2026 15:42,Đã chuyển yêu cầu đến VTT,,,,,
03/07/2026 15:30,51461,,Fiber,Đăng Văn Minh,Đã hoàn công,07/07/2026 15:38,Đã chuyển yêu cầu đến VTT,,,,,
03/07/2026 15:31,51463,,Fiber,Ngô Thị Minh Phương,Đã hoàn công,03/07/2026 17:49,LH với đơn vị để thực hiện  	0917131075,,,,,
03/07/2026 15:31,51460,,Fiber,Ngô Thị Minh Phương,Đã hoàn công,03/07/2026 17:49, có đáp ứng ko ps ,,,,,
03/07/2026 15:31,51458,,Fiber,Ngô Thị Minh Phương,Đã hoàn công,03/07/2026 17:49,có đáp ứng ko ps ,,,,,
03/07/2026 15:31,51457,,Fiber,Ngô Thị Minh Phương,Đã hoàn công,03/07/2026 17:49,có đáp ứng ko ps ,,,,,
03/07/2026 15:39,51465,,Fiber,Đăng Văn Minh,Đã hoàn công,06/07/2026 14:10,Đã chuyển yêu cầu đến VTT,,,,,
03/07/2026 15:39,51464,,Fiber,Đăng Văn Minh,Đã hoàn công,07/07/2026 15:45,"KTV liên hệ: KH Thành SDT: 0983168001 không xác định được chính xác vị trí lắp đặt sân vận động rất rộng nên không khảo sát được, chị báo khách cung cấp đầu mối LHKH có mặt tại TNN để phối hợp khảo sát chị nhé, chi tiết liên hệ Mr Mr Tiến GĐ TTVT Đại Từng 0912559898",,,,,
03/07/2026 15:40,51466,,Fiber,Ngô Thị Minh Phương,Đã hoàn công,03/07/2026 17:49,có đáp ứng ko ps ,,,,,
06/07/2026 10:16,VNP-DC/00015856,MN001008883,Metronet LT,Đoàn Hải Hà,Đã hoàn công,06/07/2026 15:39,Báo SOC/VT triển khai,,,,,
06/07/2026 10:28,VNP-LD/00074898,qtk00078x,Kênh Thuê Riêng,Đào Anh Vũ,Đang xử lý,,"Kênh Cục BĐTƯ, VTT chờ BAN KHDN gửi công văn để cấp vật tư dây nhảy , sfp cấp cho khách hàng",Đã mail cảnh báo lần 3 - 13/07/2026 11:14,,,,
06/07/2026 10:28,VNP-LD/00074898,qtk00078x,Kênh Thuê Riêng,Đào Anh Vũ,Đang xử lý,,"Kênh Cục BĐTƯ, VTT chờ BAN KHDN gửi công văn để cấp vật tư dây nhảy , sfp cấp cho khách hàng",Đã mail cảnh báo lần 3 - 13/07/2026 11:14,,,,
06/07/2026 10:28,VNP-LD/00074901,qtk000797,Kênh Thuê Riêng,Đào Anh Vũ,Đang xử lý,,"Kênh Cục BĐTƯ, VTT chờ BAN KHDN gửi công văn để cấp vật tư dây nhảy , sfp cấp cho khách hàng",Đã mail cảnh báo lần 3 - 13/07/2026 11:14,,,,
06/07/2026 10:28,VNP-LD/00074901,qtk000797,Kênh Thuê Riêng,Đào Anh Vũ,Đang xử lý,,"Kênh Cục BĐTƯ, VTT chờ BAN KHDN gửi công văn để cấp vật tư dây nhảy , sfp cấp cho khách hàng",Đã mail cảnh báo lần 3 - 13/07/2026 11:14,,,,
06/07/2026 10:28,VNP-LD/00074902,qtk00079h,Kênh Thuê Riêng,Đào Anh Vũ,Đang xử lý,,"Kênh Cục BĐTƯ, VTT chờ BAN KHDN gửi công văn để cấp vật tư dây nhảy , sfp cấp cho khách hàng",Đã mail cảnh báo lần 3 - 13/07/2026 11:14,,,,
06/07/2026 10:28,VNP-LD/00074902,qtk00079h,Kênh Thuê Riêng,Đào Anh Vũ,Đang xử lý,,"Kênh Cục BĐTƯ, VTT chờ BAN KHDN gửi công văn để cấp vật tư dây nhảy , sfp cấp cho khách hàng",Đã mail cảnh báo lần 3 - 13/07/2026 11:14,,,,
06/07/2026 10:28,VNP-LD/00074903,qtk00079r,Kênh Thuê Riêng,Đào Anh Vũ,Đang xử lý,,"Kênh Cục BĐTƯ, VTT chờ BAN KHDN gửi công văn để cấp vật tư dây nhảy , sfp cấp cho khách hàng",Đã mail cảnh báo lần 3 - 13/07/2026 11:14,,,,
06/07/2026 10:28,VNP-LD/00074903,qtk00079r,Kênh Thuê Riêng,Đào Anh Vũ,Đang xử lý,,"Kênh Cục BĐTƯ, VTT chờ BAN KHDN gửi công văn để cấp vật tư dây nhảy , sfp cấp cho khách hàng",Đã mail cảnh báo lần 3 - 13/07/2026 11:14,,,,
06/07/2026 10:32,VNP-LD/00075081,fbr00hbov,Fiber,Ngô Thị Minh Phương,Đã hoàn công,07/07/2026 08:28,do hạ tầng nhà kh chưa có điên thoái trả : kt 0914338879 + 0914211558,,,,,
06/07/2026 10:32,VNP-LD/00075087,fbr00hbuo,Fiber,Ngô Thị Minh Phương,Đã hoàn công,07/07/2026 08:29,do hạ tầng nhà kh chưa có điên thoái trả   kt  0915612678 + 0912061979,,,,,
06/07/2026 10:32,VNP-LD/00075078,fbr00hbnz,Fiber,Ngô Thị Minh Phương,Đã hoàn công,07/07/2026 09:56,LH với đơn vị để thực hiện kt 0912978748	,,,,,
06/07/2026 10:32,VNP-LD/00075090,fbr00hbwn,Fiber,Ngô Thị Minh Phương,Đã hoàn công,07/07/2026 08:29,LH với đơn vị để thực hiện kt 0944904999  +0912497999,,,,,
06/07/2026 10:32,VNP-LD/00075091,fbr00hbx4,Fiber,Ngô Thị Minh Phương,Đã hoàn công,07/07/2026 16:27,"không có bể cáp ngầm, hạ tầng để lắp đặt thoái trả  0913268798 +         0913370456        ",,,,,
06/07/2026 10:32,VNP-LD/00074407,fbr00g4g7,Fiber,Ngô Thị Minh Phương,Đã hoàn công,07/07/2026 16:27,LH với đơn vị để thực hiện kt 0888706999 +0912280999,,,,,
06/07/2026 10:32,VNP-LD/00075094,fbr00hdu0,Fiber,Ngô Thị Minh Phương,Đã hoàn công,08/07/2026 15:11,LH với đơn vị để thực hiện kt 0944904999 + 0913697385 Không có hạ tầng của vnpt ko kéo được cáp trả phiếu ,Đã mail cảnh báo lần 1 - 08/07/2026 11:14,,,,
06/07/2026 11:20,VNP-LD/00075135,fbr00hiht,Fiber,Ngô Thị Minh Phương,Đã hoàn công,08/07/2026 16:23,LH với đơn vị để thực hiện kt 0942098989  hạ tầng kh  chưa xong trả phiếu ,Đã mail cảnh báo lần 1 - 08/07/2026 12:14,,,,
06/07/2026 11:20,VNP-LD/00075134,fbr00hife,Fiber,Ngô Thị Minh Phương,Đã hoàn công,07/07/2026 16:55,thoái trả Đẩy nhầm địa bàn lên P Kinh Bắc. Địa chỉ khách hàng ở Quế Võ  kt 0942098989,,,,,
06/07/2026 11:20,VNP-LD/00075132,fbr00hidv,Fiber,Ngô Thị Minh Phương,Đã hoàn công,07/07/2026 08:30,LH với đơn vị để thực hiện ,,,,,
06/07/2026 11:24,VNP-KP/00001030,vcm5803,Fiber,Đăng Văn Minh,Đã hoàn công,13/07/2026 08:17,KTV Thắng 0916161951 báo đã khôi phục xong cho khách hàng nhưng đang xử lý lỗi chưa hoàn công phiếu được,Đã mail cảnh báo lần 2 - 09/07/2026 12:14,,,,
06/07/2026 11:24,VNP-LD/00072675,vcm2can,Fiber,Đăng Văn Minh,Đã hoàn công,06/07/2026 14:37,Đã chuyển yêu cầu đến VTT,,,,,
06/07/2026 11:24,VNP-LD/00075105,tstng0450,Fiber,Đăng Văn Minh,Đã hoàn công,07/07/2026 12:29,Đã chuyển yêu cầu đến VTT,,,,,
06/07/2026 11:24,VNP-LD/00075105,tramsactng10257,Fiber,Đăng Văn Minh,Đã hoàn công,07/07/2026 12:28,Đã chuyển yêu cầu đến VTT,,,,,
06/07/2026 11:24,VNP-LD/00075089,fbr00hbw4,Fiber,Đăng Văn Minh,Đã hoàn công,06/07/2026 16:54,Đã chuyển yêu cầu đến VTT,,,,,
06/07/2026 11:24,VNP-TL/00066888,km28cm,Fiber,Đăng Văn Minh,Đã hoàn công,06/07/2026 15:55,Đã chuyển yêu cầu đến VTT,,,,,
06/07/2026 11:24,VNP-DC/00015857,tbhfib-tpo-002076,Fiber,Đăng Văn Minh,Đã hoàn công,06/07/2026 15:55,"Sai thông tin thuê bao_Sai địa chỉ lắp đặt_địa chỉ đúng là 32 Trần Phú, Phường Trần Hưng Đạo, Tỉnh Hưng Yên, đã báo AS Ngân",,,,,
06/07/2026 11:24,VNP-LD/00075084,fbr00hbq9,Fiber,Đăng Văn Minh,Đã hoàn công,08/07/2026 14:24,Đã chuyển yêu cầu đến VTT,Đã mail cảnh báo lần 1 - 08/07/2026 12:14,,,,
06/07/2026 13:43,VNP-LD/00075148,vcm2cjh,Fiber,Lê Đức Vinh,Đã hoàn công,07/07/2026 13:49,Đã chuyển VTT,,,,,
06/07/2026 13:43,VNP-LD/00075148,vcm2cjf,Fiber,Lê Đức Vinh,Đã hoàn công,07/07/2026 17:02,Đã chuyển VTT,,,,,
06/07/2026 13:43,VNP-LD/00075148,vcm2cpd,Fiber,Lê Đức Vinh,Đã hoàn công,06/07/2026 16:41,VTT thoái trả sai địa chỉ lắp đặt đã báo AS,,,,,
06/07/2026 13:43,VNP-LD/00075148,vcm2clv,Fiber,Lê Đức Vinh,Đã hoàn công,07/07/2026 14:27,,,,,,
06/07/2026 13:43,VNP-LD/00075148,vcm2cji,Fiber,Lê Đức Vinh,Đã hoàn công,07/07/2026 09:41,Khách hàng chưa sửa xong nhà VTT thoái trả,,,,,
06/07/2026 13:44,VNP-DV/00013518,M171011,Megawan LT,Vũ Thế Ninh,Đã hoàn công,07/07/2026 08:47,SOC thoái trả vì phiếu lỗi k giao được tỉnh,,,,,
06/07/2026 13:44,VNP-DV/00013520,M171004,Megawan LT,Vũ Thế Ninh,Đã hoàn công,08/07/2026 08:50,Đã báo đơn vị thi công,,,,,
06/07/2026 13:44,VNP-DV/00013520,M171004,Megawan LT,Vũ Thế Ninh,Đã hoàn công,08/07/2026 08:50,Đã báo đơn vị thi công,,,,,
06/07/2026 13:44,VNP-TD/00096310,MW000021843,Megawan NT,Đoàn Hải Hà,Đã hoàn công,07/07/2026 08:02,VNPT CBG nâng cấp,,,,,
06/07/2026 13:45,VNP-TL/00066905,MW000017089,Megawan NT,Đoàn Hải Hà,Đang xử lý,,"Lỗi phiếu :  về HNI kênh trắng, sai dịch vụ, đã báo AS nhờ IT đỏi dịch vụ để map",Đã mail cảnh báo lần 3 - 13/07/2026 14:14,,,,
06/07/2026 13:46,VNP-TL/00066891,MW001052411,Megawan LT,Nguyễn Duy Thành,Đã hoàn công,06/07/2026 15:43,đã báo các đơn vị,,,,,
06/07/2026 13:47,QNH-LD/00412284,dia000ry0,Internet trực tiếp,Nguyễn Duy Thành,Đã hoàn công,08/07/2026 07:37,đã báo các đơn vị,,,,,
06/07/2026 13:48,VNP-LD/00075145,mnk001328,Metronet NT,Vũ Thế Ninh,Đang xử lý,,KH chưa xong hạ tầng,Đã mail cảnh báo lần 3 - 13/07/2026 14:14,,,,
06/07/2026 13:49,VNP-LD/00075136,mnk001312,Metronet NT,Vũ Thế Ninh,Đang xử lý,,KH chưa xong hạ tầng,Đã mail cảnh báo lần 3 - 13/07/2026 14:14,,,,
06/07/2026 13:49,VNP-LD/00075133,mnk00130s,Metronet NT,Vũ Thế Ninh,Đang xử lý,,KH chưa xong hạ tầng,Đã mail cảnh báo lần 3 - 13/07/2026 14:14,,,,
06/07/2026 13:49,VNP-LD/00075130,mnk001309,Metronet NT,Vũ Thế Ninh,Đang xử lý,,KH chưa xong hạ tầng,Đã mail cảnh báo lần 3 - 13/07/2026 14:14,,,,
06/07/2026 13:49,VNP-LD/00075126,mnk0012zx,Metronet NT,Vũ Thế Ninh,Đang xử lý,,KH chưa xong hạ tầng,Đã mail cảnh báo lần 3 - 13/07/2026 14:14,,,,
06/07/2026 13:49,VNP-LD/00075117,mnk0012zd,Metronet NT,Vũ Thế Ninh,Đang xử lý,,KH chưa xong hạ tầng,Đã mail cảnh báo lần 3 - 13/07/2026 14:14,,,,
06/07/2026 13:49,VNP-LD/00075116,mnk0012z3,Metronet NT,Vũ Thế Ninh,Đang xử lý,,KH chưa xong hạ tầng,Đã mail cảnh báo lần 3 - 13/07/2026 14:14,,,,
06/07/2026 13:49,VNP-LD/00075112,mnk0012yt,Metronet NT,Vũ Thế Ninh,Đang xử lý,,KH chưa xong hạ tầng,Đã mail cảnh báo lần 3 - 13/07/2026 14:14,,,,
06/07/2026 13:49,VNP-LD/00075111,mnk0012yj,Metronet NT,Vũ Thế Ninh,Đang xử lý,,KH chưa xong hạ tầng,Đã mail cảnh báo lần 3 - 13/07/2026 14:14,,,,
06/07/2026 13:51,VNP-LD/00075124,mnk0012zm,Metronet LT,Nguyễn Duy Thành,Đã hoàn công,08/07/2026 14:14,đã báo các đơn vị,,,,,
06/07/2026 13:51,51469,,Metronet LT,Vũ Thế Ninh,Đã hoàn công,06/07/2026 15:04,Đã báo đơn vị thi công,,,,,
06/07/2026 13:52,V06/LD/260703/08683,mnk0012vb,Metronet LT,Nguyễn Duy Thành,Đã hoàn công,13/07/2026 07:06,Khách hàng_Phải làm việc với Gtel để VNPT thi công cáp,Đã mail cảnh báo lần 2 - 09/07/2026 14:14,,,,
06/07/2026 13:54,VNP-LD/00075144,mnk00131w,Metronet LT,Đào Anh Vũ,Đã hoàn công,20/07/2026 10:08,"Chuyển SOC/VTT thực hiện, Chờ đầu xa thi công",Đã mail cảnh báo lần 3 - 13/07/2026 14:14,,,,
06/07/2026 13:54,VNP-LD/00075104,mnk0012y5,Metronet LT,Đào Anh Vũ,Đã hoàn công,20/07/2026 10:08,"Chuyển SOC/VTT thực hiện, Chờ đầu xa thi công",Đã mail cảnh báo lần 3 - 13/07/2026 14:14,,,,
06/07/2026 13:54,VNP-LD/00075073,mnk0012v6,Metronet LT,Đào Anh Vũ,Đã hoàn công,14/07/2026 10:08,"Chuyển SOC/VTT thực hiện, Chờ đầu xa thi công",Đã mail cảnh báo lần 3 - 13/07/2026 14:14,,,,
06/07/2026 14:03,VNP-LD/00075149,cmcghnql3bkn,Fiber,Đăng Văn Minh,Đã hoàn công,08/07/2026 16:40,"Đã triển khai xong, đang đợi cấu hình tự động để hoàn công phiếu",Đã mail cảnh báo lần 1 - 08/07/2026 14:14,,,,
06/07/2026 14:17,51475,,Fiber,Đăng Văn Minh,Đã hoàn công,13/07/2026 08:28,Đã chuyển yêu cầu đến VTT,Đã mail cảnh báo lần 2 - 09/07/2026 15:14,,,,
06/07/2026 14:19,HCM-TD/00932917,DI001040954,Internet trực tiếp,Đào Anh Vũ,Đã hoàn công,07/07/2026 09:34,Chuyển SOC/VTT thực hiện,,,,,
06/07/2026 14:19,HCM-TD/00932913,DI001021352,Internet trực tiếp,Đào Anh Vũ,Đã hoàn công,07/07/2026 09:35,Chuyển SOC/VTT thực hiện,,,,,
06/07/2026 14:22,VNP-TL/00066910,MW000022068,Megawan NT,Đào Anh Vũ,Đã hoàn công,07/07/2026 09:35,Chuyển VTT thực hiện,,,,,
06/07/2026 14:23,HCM-TD/00932919,DI001042009,Internet trực tiếp,Nguyễn Duy Thành,Đã hoàn công,06/07/2026 16:40,,,,,,
06/07/2026 14:23,VNP-TL/00066907,MW000022003,Megawan NT,Vũ Thế Ninh,Đã hoàn công,13/07/2026 08:21,KH hẹn 10/7 mới cắt kênh,Đã mail cảnh báo lần 2 - 09/07/2026 15:14,,,,
06/07/2026 14:23,VNP-TL/00066908,MW000021653,Megawan NT,Vũ Thế Ninh,Đã hoàn công,13/07/2026 14:45,KH hẹn 10/7 mới cắt kênh,Đã mail cảnh báo lần 2 - 09/07/2026 15:14,,,,
06/07/2026 14:23,VNP-TL/00066909,MW000021996,Megawan NT,Vũ Thế Ninh,Đã hoàn công,13/07/2026 08:22,THoái trả vì AS Vân Hà xin lại phiếu,Đã mail cảnh báo lần 2 - 09/07/2026 15:14,,,,
06/07/2026 14:41,VNP-LD/00075153,fbr00hjb0,Fiber,Ngô Thị Minh Phương,Đã hoàn công,07/07/2026 16:28,LH với đơn vị để thực hiện  kt 0912688922 + 0919232698,,,,,
06/07/2026 14:42,VNP-LD/00074886,mnk0012b9,Metronet NT,Đoàn Hải Hà,Đã hoàn công,09/07/2026 08:45,"Dự Án kết nối Mạng TSLCD phục vụ trao đổi Văn bản Mật cho Nhà nước theo VB 9032/VNPT-CN cho UBND, HDND, MTTQ",Đã mail cảnh báo lần 1 - 08/07/2026 15:14,,,,
06/07/2026 14:42,VNP-LD/00074886,mnk0012bb,Metronet NT,Đoàn Hải Hà,Đã hoàn công,13/07/2026 09:56,"Dự Án kết nối Mạng TSLCD phục vụ trao đổi Văn bản Mật cho Nhà nước theo VB 9032/VNPT-CN cho UBND, HDND, MTTQ",Đã mail cảnh báo lần 2 - 09/07/2026 15:14,,,,
06/07/2026 14:42,VNP-LD/00074886,mnk0012bc,Metronet NT,Đoàn Hải Hà,Đã hoàn công,13/07/2026 09:57,"Dự Án kết nối Mạng TSLCD phục vụ trao đổi Văn bản Mật cho Nhà nước theo VB 9032/VNPT-CN cho UBND, HDND, MTTQ",Đã mail cảnh báo lần 2 - 09/07/2026 15:14,,,,
06/07/2026 14:50,VNP-TL/00066913,MW001008557,Megawan LT,Lê Đức Vinh,Đã hoàn công,06/07/2026 16:46,Đã chuyển VTT,,,,,
06/07/2026 14:51,VNP-TL/00066914,MW001008563,Megawan LT,Lê Đức Vinh,Đã hoàn công,06/07/2026 16:45,Đã chuyển VTT,,,,,
06/07/2026 14:53,VNP-LD/00075031,mwk000rmw,Megawan NT,Lê Đức Vinh,Đã hoàn công,07/07/2026 13:48,Báo VTT triển khai,,,,,
06/07/2026 14:54,VNP-LD/00074904,qtk0007a1,Kênh Thuê Riêng,Đào Anh Vũ,Đang xử lý,,"Kênh Cục BĐTƯ, VTT chờ BAN KHDN gửi công văn để cấp vật tư dây nhảy , sfp cấp cho khách hàng",Đã mail cảnh báo lần 3 - 13/07/2026 15:14,,,,
06/07/2026 14:54,VNP-LD/00074891,qtk00078n,Kênh Thuê Riêng,Đào Anh Vũ,Đang xử lý,,"Kênh Cục BĐTƯ, VTT chờ BAN KHDN gửi công văn để cấp vật tư dây nhảy , sfp cấp cho khách hàng",Đã mail cảnh báo lần 3 - 13/07/2026 15:14,,,,
06/07/2026 15:17,VNP-LD/00075155,mnk00132x,Metronet LT,Đào Anh Vũ,Đã hoàn công,20/07/2026 10:09,"Chuyển SOC/VTT thực hiện, Chờ đầu xa thi công",Đã mail cảnh báo lần 3 - 13/07/2026 16:14,,,,
06/07/2026 15:22,VNP-LD/00075158,plaeonhl,Fiber,Đăng Văn Minh,Đã hoàn công,10/07/2026 09:22,Khách hàng_Khách hàng chưa xong hạ tầng_Thoái trả phiếu do: khách hàng báo đây mới khảo khảo sát hạ tầng trước cho kh khi nào kh lắp kh báo lại sau.sdt kh0941154388 KTV Đinh Huy Hải 0918961667,Đã mail cảnh báo lần 2 - 09/07/2026 16:14,,,,
06/07/2026 15:22,VNP-LD/00075158,pl2230,Fiber,Đăng Văn Minh,Đã hoàn công,10/07/2026 09:23,"Khách hàng_Khách hàng chưa xong hạ tầng_Thoái trả phiếu do, khách hẹn khi nào nhận bàn giao sẽ báo KTV Luân 0916169789",Đã mail cảnh báo lần 2 - 09/07/2026 16:14,,,,
06/07/2026 15:22,51476,,Fiber,Ngô Thị Minh Phương,Đã hoàn công,07/07/2026 16:28,LH với đơn vị để thực hiện kt 0912395656 + 0913941282 có đáp ứng có ps,,,,,
06/07/2026 15:58,VNP-TL/00066916,MW001174661,Megawan NT,Đoàn Hải Hà,Đã hoàn công,06/07/2026 16:50,Báo HNI thanh lý,,,,,
06/07/2026 15:59,VNP-TL/00066917,MW000005947,Megawan NT,Đoàn Hải Hà,Đã hoàn công,06/07/2026 16:52,"Lỗi phiếu, báo HNI map và giao thi côgn",,,,,
06/07/2026 16:09,VNP-LD/00075164,vcm2cls,Fiber,Đăng Văn Minh,Đã hoàn công,07/07/2026 12:27,Đã chuyển yêu cầu đến VTT,,,,,
06/07/2026 16:09,VNP-LD/00075164,vcm2cmf,Fiber,Đăng Văn Minh,Đã hoàn công,07/07/2026 16:09,Đã chuyển yêu cầu đến VTT,,,,,
06/07/2026 16:14,VNP-TD/00096312,MW000013771,Megawan NT,Nguyễn Duy Thành,Đã hoàn công,07/07/2026 06:51,đã báo các đơn vị,,,,,
06/07/2026 16:15,VNP-TL/00066918,M171011,Megawan LT,Vũ Thế Ninh,Đã hoàn công,10/07/2026 08:30,Đã báo đơn vị thi công,Đã mail cảnh báo lần 2 - 09/07/2026 17:14,,,,
07/07/2026 08:16,VNP-LD/00075169,vcm2chc,Fiber,Ngô Thị Minh Phương,Đã hoàn công,09/07/2026 13:58,LH với đơn vị để thực hiện  kt 0827269666 kt báo không thấy phiếu  trên app,Đã mail cảnh báo lần 1 - 09/07/2026 09:14,,,,
07/07/2026 08:16,VNP-LD/00075169,vcm2cph,Fiber,Ngô Thị Minh Phương,Đã hoàn công,10/07/2026 09:14,thoái trả kt báo hạ tầng kh chưa xong  kt 0827269666 ,Đã mail cảnh báo lần 2 - 10/07/2026 09:14,,,,
07/07/2026 08:16,VNP-LD/00075169,vcm2cnp,Fiber,Ngô Thị Minh Phương,Đã hoàn công,09/07/2026 13:59,LH với đơn vị để thực hiện  kt 0827269666 kt báo không thấy phiếu  trên app,Đã mail cảnh báo lần 1 - 09/07/2026 09:14,,,,
07/07/2026 08:16,VNP-LD/00075169,vcm2cnr,Fiber,Ngô Thị Minh Phương,Đã hoàn công,10/07/2026 09:11, thoái trả :  đã LH kt 0912669694 + 0912565457 hạ tầng kh chưa xong chưa có điện ,Đã mail cảnh báo lần 1 - 09/07/2026 09:14,,,,
07/07/2026 08:16,VNP-LD/00075169,vcm2cmd,Fiber,Ngô Thị Minh Phương,Đã hoàn công,10/07/2026 09:02,"thoái trả khách hàng đang xây nhà, hẹn 20 ngày nữa mới lắp kt 0943211989 + 0945383757        ",Đã mail cảnh báo lần 1 - 09/07/2026 09:14,,,,
07/07/2026 08:16,VNP-LD/00075169,vcm2cks,Fiber,Ngô Thị Minh Phương,Đã hoàn công,10/07/2026 09:12,trả phiếu  kt 0911282688 +84919708986 báo hạ tầng kh chưa xong ,Đã mail cảnh báo lần 1 - 09/07/2026 09:14,,,,
07/07/2026 08:16,VNP-LD/00075169,vcm2cjx,Fiber,Ngô Thị Minh Phương,Đã hoàn công,08/07/2026 08:50,LH với đơn vị để thực hiện ,,,,,
07/07/2026 08:17,VNP-LD/00075167,vcm2cic,Fiber,Đăng Văn Minh,Đã hoàn công,10/07/2026 09:24,"Khách hàng_Khách hàng chưa xong hạ tầng_Thoái trả do Hiện tại cửa hàng chưa có điện, dự kiến sẽ bàn giao kênh cho khách hàng trước ngày 11/7 KHương Thế Huân - 0967559456 - KTV Linh 0912643857",Đã mail cảnh báo lần 2 - 10/07/2026 09:14,,,,
07/07/2026 08:21,QNH-TD/00330994,DI001017707,Internet trực tiếp,Nguyễn Duy Thành,Đã hoàn công,08/07/2026 07:36,đã báo các đơn vị,,,,,
07/07/2026 08:22,VNP-TL/00066921,mnk000z61,Metronet LT,Đào Anh Vũ,Đã hoàn công,09/07/2026 08:01,Chuyển SOC/ VTT thực hiện,,,,,
07/07/2026 08:23,VNP-TL/00066922,mnk000z6m,Metronet LT,Đào Anh Vũ,Đã hoàn công,09/07/2026 08:01,Chuyển SOC/ VTT thực hiện,,,,,
07/07/2026 08:23,VNP-LD/00075036,mnk0012pt,Metronet LT,Đào Anh Vũ,Đang xử lý,,"Chuyển SOC/VTT thực hiện, Chờ đầu xa thi công",Đã mail cảnh báo lần 3 - 14/07/2026 09:14,,,,
07/07/2026 08:24,VNP-LD/00075162,mnk00133w,Metronet LT,Đào Anh Vũ,Đã hoàn công,20/07/2026 10:09,"Chuyển SOC/VTT thực hiện, Chờ đầu xa thi công",Đã mail cảnh báo lần 3 - 14/07/2026 09:14,,,,
07/07/2026 08:24,VNP-TL/00066919,MN000003090,Metronet LT,Đoàn Hải Hà,Đã hoàn công,07/07/2026 11:18,"Về HNI kênh trắng, đã nhờ để map thông tin kênh",,,,,
07/07/2026 08:25,VNP-TL/00066920,MN001200871,Metronet LT,Đoàn Hải Hà,Đã hoàn công,07/07/2026 09:23,,,,,,
07/07/2026 08:26,VNP-LD/00075172,mwk000s1i,Megawan NT,Lê Đức Vinh,Đã hoàn công,10/07/2026 15:29,VTT liên hệ khách hàng không nghe máy đã báo AS cho số LH khác,Đã mail cảnh báo lần 2 - 10/07/2026 09:14,,,,
07/07/2026 08:26,VNP-LD/00075173,mwk000s1v,Megawan NT,Lê Đức Vinh,Đã hoàn công,07/07/2026 17:01,Đã chuyển VTT,,,,,
07/07/2026 08:26,VNP-LD/00075165,mwk000s11,Megawan NT,Lê Đức Vinh,Đã hoàn công,10/07/2026 08:32,Đã chuyển VTT,Đã mail cảnh báo lần 1 - 09/07/2026 09:14,,,,
07/07/2026 09:00,51478,,Megawan LT,Đoàn Hải Hà,Đã hoàn công,07/07/2026 13:32,Báo VPC KS kênh,,,,,
07/07/2026 09:10,VNP-LD/00075177,vcm2cld,Fiber,Đăng Văn Minh,Đã hoàn công,10/07/2026 09:25,"Khách hàng_Khách hàng chưa xong hạ tầng_Đã thi công xong cáp, khách hẹn khi nào nhận bàn giao sẽ báo KTV",Đã mail cảnh báo lần 2 - 10/07/2026 09:14,,,,
07/07/2026 09:16,V06/TD/260707/00031,dia000rok,Internet trực tiếp,Đào Anh Vũ,Đã hoàn công,09/07/2026 08:02,Chuyển VTT thực hiện,,,,,
07/07/2026 11:08,51482,,Internet trực tiếp,Nguyễn Duy Thành,Đã hoàn công,08/07/2026 07:32,đã báo các đơn vị,,,,,
07/07/2026 11:10,VNP-LD/00075180,fbr00hm73,Fiber,Đăng Văn Minh,Đã hoàn công,08/07/2026 16:40,Đã chuyển yêu cầu đến VTT,,,,,
07/07/2026 11:11,51480,,Megawan LT,Lê Đức Vinh,Đã hoàn công,08/07/2026 11:06,Đã chuyển VTT,,,,,
07/07/2026 11:12,V06/LD/260703/09165,mnk0012vn,Metronet LT,Nguyễn Duy Thành,Đã hoàn công,13/07/2026 07:06,Khách hàng_phải thuê cáp  trong FPT,Đã mail cảnh báo lần 2 - 10/07/2026 11:14,,,,
07/07/2026 11:12,VNP-LD/00075182,mnk00134t,Metronet NT,Đào Anh Vũ,Đã hoàn công,09/07/2026 08:02,Chuyển VTT thực hiện,,,,,
07/07/2026 11:12,VNP-LD/00075186,mnk00135u,Metronet NT,Đào Anh Vũ,Đã hoàn công,09/07/2026 08:02,Chuyển VTT thực hiện,,,,,
07/07/2026 13:34,VNP-KP/00001031,MW001279404,Megawan NT,Đoàn Hải Hà,Đã hoàn công,07/07/2026 16:02,Báo VTT khôi phục  gấp,,,,,
07/07/2026 13:36,VNP-LD/00075190,mnk00136z,Metronet LT,Đào Anh Vũ,Đã hoàn công,20/07/2026 10:09,"Chuyển SOC/VTT thực hiện, Chờ đầu xa thi công",Đã mail cảnh báo lần 3 - 14/07/2026 14:14,,,,
07/07/2026 13:40,VNP-LD/00075193,cmcantolinhpg,Fiber,Đăng Văn Minh,Đã hoàn công,09/07/2026 08:36,"Khách hàng_Khách hàng chưa xong hạ tầng_Thoái trả phiếu do , KTV Lhe số A.Bắc 0963 131 875 KH bảo chưa thống nhất về giá cước với ANTOLIN (khách hàng của CMC)",,,,,
07/07/2026 14:28,VNP-TD/00096322,MW001111245,Megawan NT,Đào Anh Vũ,Đã hoàn công,07/07/2026 16:32,Chuyển VTT thực hiện,,,,,
07/07/2026 14:28,VNP-TD/00096323,MW001111279,Megawan NT,Đào Anh Vũ,Đã hoàn công,07/07/2026 16:33,Chuyển VTT thực hiện,,,,,
07/07/2026 14:28,VNP-TD/00096324,MW001111264,Megawan NT,Đào Anh Vũ,Đã hoàn công,07/07/2026 16:33,Chuyển VTT thực hiện,,,,,
07/07/2026 14:28,VNP-TD/00096325,MW001111244,Megawan NT,Đào Anh Vũ,Đã hoàn công,07/07/2026 16:33,Chuyển VTT thực hiện,,,,,
07/07/2026 14:28,VNP-TD/00096326,MW001111297,Megawan NT,Đào Anh Vũ,Đã hoàn công,07/07/2026 16:33,Chuyển VTT thực hiện,,,,,
07/07/2026 14:28,VNP-TD/00096327,MW001111339,Megawan NT,Đào Anh Vũ,Đã hoàn công,07/07/2026 16:33,Chuyển VTT thực hiện,,,,,
07/07/2026 14:28,VNP-TD/00096328,MW001111235,Megawan NT,Đào Anh Vũ,Đã hoàn công,07/07/2026 16:33,Chuyển VTT thực hiện,,,,,
07/07/2026 14:28,VNP-TD/00096329,MW001120436,Megawan NT,Đào Anh Vũ,Đã hoàn công,07/07/2026 16:33,Chuyển VTT thực hiện,,,,,
07/07/2026 14:28,VNP-TD/00096330,MW001111329,Megawan NT,Đào Anh Vũ,Đã hoàn công,07/07/2026 16:33,Chuyển VTT thực hiện,,,,,
07/07/2026 14:28,VNP-TD/00096331,MW001120189,Megawan NT,Đào Anh Vũ,Đã hoàn công,07/07/2026 16:33,Chuyển VTT thực hiện,,,,,
07/07/2026 14:28,VNP-TD/00096332,MW001111228,Megawan NT,Đào Anh Vũ,Đã hoàn công,07/07/2026 16:33,Chuyển VTT thực hiện,,,,,
07/07/2026 14:28,VNP-TD/00096333,MW001111343,Megawan NT,Đào Anh Vũ,Đã hoàn công,07/07/2026 16:33,Chuyển VTT thực hiện,,,,,
07/07/2026 14:28,VNP-TD/00096334,MW001111286,Megawan NT,Đào Anh Vũ,Đã hoàn công,07/07/2026 16:33,Chuyển VTT thực hiện,,,,,
07/07/2026 14:28,VNP-TD/00096335,MW001111261,Megawan NT,Đào Anh Vũ,Đã hoàn công,07/07/2026 16:33,Chuyển VTT thực hiện,,,,,
07/07/2026 14:28,VNP-TD/00096336,MW001111360,Megawan NT,Đào Anh Vũ,Đã hoàn công,07/07/2026 16:33,Chuyển VTT thực hiện,,,,,
07/07/2026 14:28,VNP-TD/00096337,MW001111258,Megawan NT,Đào Anh Vũ,Đã hoàn công,07/07/2026 16:33,Chuyển VTT thực hiện,,,,,
07/07/2026 14:28,VNP-TD/00096338,MW001111292,Megawan NT,Đào Anh Vũ,Đã hoàn công,07/07/2026 16:33,Chuyển VTT thực hiện,,,,,
07/07/2026 14:29,QNH-TD/00331026,dia000ry0,Internet trực tiếp,Nguyễn Duy Thành,Đã hoàn công,13/07/2026 10:38,Khách hàng_Chưa phối hợp để cấu hình đổi ip,Đã mail cảnh báo lần 2 - 10/07/2026 15:14,,,,
07/07/2026 14:30,51486,,Internet trực tiếp,Lê Đức Vinh,Đã hoàn công,13/07/2026 09:32,Đã chuyển VTT,Đã mail cảnh báo lần 2 - 10/07/2026 15:14,,,,
07/07/2026 14:30,51485,,Internet trực tiếp,Lê Đức Vinh,Đã hoàn công,08/07/2026 12:17,Khách hàng: Báo không có nhu cầu lắp đã báo AS Huệ ,,,,,
07/07/2026 14:30,51484,,Internet trực tiếp,Lê Đức Vinh,Đã hoàn công,07/07/2026 16:30,Đã chuyển VTT,,,,,
07/07/2026 14:30,51487,,Internet trực tiếp,Lê Đức Vinh,Đã hoàn công,13/07/2026 09:39,Đã chuyển VTT,Đã mail cảnh báo lần 2 - 10/07/2026 15:14,,,,
07/07/2026 14:32,VNP-LD/00074645,fbr00gj4f,Fiber,Đăng Văn Minh,Đã hoàn công,08/07/2026 14:10,Đã chuyển yêu cầu đến VTT,,,,,
07/07/2026 14:33,VNP-KP/00001032,LCI1832,Metronet NT,Đoàn Hải Hà,Đã hoàn công,10/07/2026 15:56,Báo VTT khôi phục  gấp,Đã mail cảnh báo lần 2 - 10/07/2026 15:14,,,,
07/07/2026 14:34,51488,,Internet trực tiếp,Lê Đức Vinh,Đã hoàn công,08/07/2026 15:03,Đã chuyển VTT,,,,,
07/07/2026 14:35,VNP-LD/00074675,fbr00gluu,Fiber,Đăng Văn Minh,Đã hoàn công,07/07/2026 16:09,Đã chuyển yêu cầu đến VTT,,,,,
07/07/2026 14:50,51493,,Internet trực tiếp,Nguyễn Duy Thành,Đã hoàn công,08/07/2026 08:12,đã báo các đơn vị,,,,,
07/07/2026 14:50,51492,,Internet trực tiếp,Nguyễn Duy Thành,Đã hoàn công,07/07/2026 16:24,đã báo các đơn vị,,,,,
07/07/2026 14:50,51491,,Internet trực tiếp,Nguyễn Duy Thành,Đã hoàn công,07/07/2026 16:24,đã báo các đơn vị,,,,,
07/07/2026 14:50,51490,,Internet trực tiếp,Nguyễn Duy Thành,Đã hoàn công,07/07/2026 16:24,đã báo các đơn vị,,,,,
07/07/2026 14:50,51489,,Internet trực tiếp,Nguyễn Duy Thành,Đã hoàn công,07/07/2026 16:24,đã báo các đơn vị,,,,,
07/07/2026 14:51,51494,,Internet trực tiếp,Nguyễn Duy Thành,Đã hoàn công,07/07/2026 16:23,đã báo các đơn vị,,,,,
07/07/2026 14:51,VNP-TL/00066927,LCI1839,Metronet NT,Đoàn Hải Hà,Đã hoàn công,09/07/2026 08:48,Báo VTT thực hiện,,,,,
07/07/2026 14:53,HD6/LD/260706/06177,mnk001332,Metronet LT,Đoàn Hải Hà,Đã hoàn công,14/07/2026 08:21,Hướng HCM chưa triển khai xong. mã HCM mnk00133b,Đã mail cảnh báo lần 2 - 10/07/2026 15:14,,,,
07/07/2026 14:54,VNP-TL/00066928,LCI1825,Metronet NT,Đoàn Hải Hà,Đã hoàn công,09/07/2026 08:51,Báo VTT thực hiện,,,,,
07/07/2026 14:59,VNP-KP/00001033,LCI1818,Metronet NT,Đoàn Hải Hà,Đã hoàn công,09/07/2026 15:15,Báo VTT khôi phục  gấp,Đã mail cảnh báo lần 1 - 09/07/2026 15:14,,,,
07/07/2026 14:59,51496,,Internet trực tiếp,Lê Đức Vinh,Đã hoàn công,08/07/2026 08:22,Đã chuyển VTT,,,,,
07/07/2026 15:00,51495,,Internet trực tiếp,Lê Đức Vinh,Đã hoàn công,08/07/2026 13:55,Đã chuyển VTT,,,,,
07/07/2026 15:08,51497,,Internet trực tiếp,Lê Đức Vinh,Đã hoàn công,08/07/2026 07:55,Đã chuyển VTT,,,,,
07/07/2026 15:19,VNP-DC/00015862,MN000388291,Metronet NT,Vũ Thế Ninh,Đã hoàn công,20/07/2026 10:59,KH hủy DC,Đã mail cảnh báo lần 3 - 14/07/2026 16:14,,,,
07/07/2026 15:19,VNP-DC/00015863,MN000037638,Metronet NT,Vũ Thế Ninh,Đang xử lý,,Chò OMC thi công cáp nội bộ,Đã mail cảnh báo lần 3 - 14/07/2026 16:14,,,,
07/07/2026 15:19,VNP-DC/00015864,MW000037637,Megawan LT,Vũ Thế Ninh,Đã hoàn công,07/07/2026 16:27,SOC thoái trả vì không có kênh,,,,,
07/07/2026 15:25,VNP-TL/00066929,LCI1802,Metronet NT,Đoàn Hải Hà,Đã hoàn công,09/07/2026 14:30,Báo VTT thực hiện,,,,,
07/07/2026 15:44,51499,,Internet trực tiếp,Lê Đức Vinh,Đã hoàn công,13/07/2026 09:39,Đã chuyển VTT,Đã mail cảnh báo lần 2 - 10/07/2026 16:14,,,,
07/07/2026 15:44,51498,,Internet trực tiếp,Lê Đức Vinh,Đã hoàn công,07/07/2026 16:46,Đã chuyển VTT,,,,,
07/07/2026 15:46,VNP-LD/00075199,fbr00hoak,Fiber,Vũ Thế Ninh,Đã hoàn công,13/07/2026 16:33,KH hẹn 13/7 nhận bàn giao,Đã mail cảnh báo lần 2 - 10/07/2026 16:14,,,,
07/07/2026 15:46,VNP-LD/00075199,fbr00hobh,Fiber,Vũ Thế Ninh,Đã hoàn công,13/07/2026 16:33,KH hẹn 13/7 nhận bàn giao,Đã mail cảnh báo lần 2 - 10/07/2026 16:14,,,,
07/07/2026 15:46,VNP-LD/00075199,fbr00hobb,Fiber,Vũ Thế Ninh,Đã hoàn công,13/07/2026 16:33,KH hẹn 13/7 nhận bàn giao,Đã mail cảnh báo lần 2 - 10/07/2026 16:14,,,,
07/07/2026 15:46,VNP-LD/00075199,fbr00hoas,Fiber,Vũ Thế Ninh,Đã hoàn công,13/07/2026 16:33,KH hẹn 13/7 nhận bàn giao,Đã mail cảnh báo lần 2 - 10/07/2026 16:14,,,,
07/07/2026 15:46,VNP-LD/00075199,fbr00ho9n,Fiber,Vũ Thế Ninh,Đã hoàn công,13/07/2026 16:33,KH hẹn 13/7 nhận bàn giao,Đã mail cảnh báo lần 2 - 10/07/2026 16:14,,,,
07/07/2026 15:54,VNP-TD/00096358,MW000013629,Megawan NT,Vũ Thế Ninh,Đã hoàn công,08/07/2026 08:35,Đã báo đơn vị thi công,,,,,
07/07/2026 15:54,VNP-TD/00096359,MW000013633,Megawan NT,Vũ Thế Ninh,Đã hoàn công,08/07/2026 08:35,Đã báo đơn vị thi công,,,,,
07/07/2026 15:54,VNP-TD/00096360,MW000013636,Megawan NT,Vũ Thế Ninh,Đã hoàn công,08/07/2026 08:35,Đã báo đơn vị thi công,,,,,
07/07/2026 15:54,VNP-TD/00096363,MW000013635,Megawan NT,Vũ Thế Ninh,Đã hoàn công,08/07/2026 08:35,Đã báo đơn vị thi công,,,,,
07/07/2026 15:54,VNP-TD/00096364,MW001009254,Megawan NT,Vũ Thế Ninh,Đã hoàn công,07/07/2026 16:26,Đã báo đơn vị thi công,,,,,
07/07/2026 15:54,VNP-TD/00096365,MW001295875,Megawan NT,Vũ Thế Ninh,Đã hoàn công,07/07/2026 16:26,Đã báo đơn vị thi công,,,,,
07/07/2026 15:54,VNP-TD/00096366,MW001295892,Megawan NT,Vũ Thế Ninh,Đã hoàn công,07/07/2026 16:26,Đã báo đơn vị thi công,,,,,
07/07/2026 15:54,VNP-TD/00096367,MW001295899,Megawan NT,Vũ Thế Ninh,Đã hoàn công,07/07/2026 16:26,Đã báo đơn vị thi công,,,,,
07/07/2026 15:54,VNP-TD/00096368,MW000013692,Megawan NT,Vũ Thế Ninh,Đã hoàn công,07/07/2026 16:26,Đã báo đơn vị thi công,,,,,
07/07/2026 15:54,VNP-TD/00096369,MW000013697,Megawan NT,Vũ Thế Ninh,Đã hoàn công,07/07/2026 16:26,Đã báo đơn vị thi công,,,,,
07/07/2026 15:54,VNP-TD/00096370,MW000013695,Megawan NT,Vũ Thế Ninh,Đã hoàn công,07/07/2026 16:26,Đã báo đơn vị thi công,,,,,
07/07/2026 15:56,VNP-TL/00066931,dungmasan.fb.nan,Fiber,Ngô Thị Minh Phương,Đã hoàn công,07/07/2026 16:55,LH với đơn vị để thực hiện ,,,,,
07/07/2026 15:57,51501,,Internet trực tiếp,Nguyễn Duy Thành,Đã hoàn công,07/07/2026 16:23,,,,,,
07/07/2026 15:57,51500,,Internet trực tiếp,Nguyễn Duy Thành,Đã hoàn công,08/07/2026 13:34,đã báo các đơn vị,,,,,
07/07/2026 16:01,51502,,Internet trực tiếp,Lê Đức Vinh,Đã hoàn công,09/07/2026 12:15,Đã chuyển VTT,,,,,
07/07/2026 16:02,51503,,Internet trực tiếp,Lê Đức Vinh,Đã hoàn công,07/07/2026 17:09,Đã chuyển VTT,,,,,
07/07/2026 16:02,51504,,Internet trực tiếp,Lê Đức Vinh,Đã hoàn công,09/07/2026 13:58,Đã chuyển VTT,,,,,
07/07/2026 16:08,51505,,Internet trực tiếp,Lê Đức Vinh,Đã hoàn công,13/07/2026 09:40,Đã chuyển VTT,Đã mail cảnh báo lần 2 - 10/07/2026 16:14,,,,
07/07/2026 16:10,VNP-TL/00066933,MW000399226,Metronet NT,Vũ Thế Ninh,Đã hoàn công,10/07/2026 08:31,Đã báo đơn vị thi công,Đã mail cảnh báo lần 1 - 09/07/2026 16:14,,,,
07/07/2026 16:11,VNP-DC/00015865,005583902MEN,Metronet NT,Đào Anh Vũ,Đã hoàn công,14/07/2026 10:09,Chuyển VTT thực hiện,Đã mail cảnh báo lần 2 - 10/07/2026 16:14,,,,
07/07/2026 16:33,VNP-TL/00066934,mwk000qz3,Megawan NT,Đoàn Hải Hà,Đã hoàn công,09/07/2026 08:37,VTT thực hiện,,,,,
07/07/2026 16:33,VNP-TL/00066935,MW001334678,Megawan NT,Đoàn Hải Hà,Đã hoàn công,09/07/2026 08:37,VTT thực hiện,,,,,
07/07/2026 16:33,VNP-TL/00066936,MW001283119,Megawan NT,Đoàn Hải Hà,Đã hoàn công,09/07/2026 08:38,VTT thực hiện,,,,,
07/07/2026 16:41,VNP-DC/00015866,MW000006109,Megawan NT,Đoàn Hải Hà,Đã hoàn công,09/07/2026 08:39,Báo HNI dịch chuyển cho khách hàng,,,,,
07/07/2026 16:43,VNP-TD/00096387,lcsthachthat,Fiber,Đăng Văn Minh,Đã hoàn công,09/07/2026 09:11,Đã chuyển yêu cầu đến VTT,,,,,
07/07/2026 16:47,VNP-TD/00096386,MW000013255,Megawan NT,Vũ Thế Ninh,Đã hoàn công,08/07/2026 08:35,Đã báo đơn vị thi công,,,,,
07/07/2026 16:48,VNP-TD/00096376,MW001008645,Megawan NT,Đào Anh Vũ,Đã hoàn công,09/07/2026 08:03,Chuyển VTT thực hiện,,,,,
07/07/2026 16:48,VNP-TD/00096377,MW000013687,Megawan NT,Đào Anh Vũ,Đã hoàn công,09/07/2026 08:03,Chuyển VTT thực hiện,,,,,
07/07/2026 16:48,VNP-TD/00096378,MW000013679,Megawan NT,Đào Anh Vũ,Đã hoàn công,09/07/2026 08:03,Chuyển VTT thực hiện,,,,,
07/07/2026 16:48,VNP-TD/00096379,MW001008713,Megawan NT,Đào Anh Vũ,Đã hoàn công,08/07/2026 11:06,Chuyển VTT thực hiện,,,,,
07/07/2026 16:49,VNP-TD/00096372,MW001008703,Megawan NT,Vũ Thế Ninh,Đã hoàn công,10/07/2026 08:31,Đã báo đơn vị thi công,Đã mail cảnh báo lần 1 - 09/07/2026 17:14,,,,
07/07/2026 16:49,VNP-TD/00096373,MW000013699,Megawan NT,Vũ Thế Ninh,Đã hoàn công,10/07/2026 08:31,Đã báo đơn vị thi công,Đã mail cảnh báo lần 1 - 09/07/2026 17:14,,,,
07/07/2026 16:49,VNP-TD/00096374,MW001009264,Megawan NT,Vũ Thế Ninh,Đã hoàn công,08/07/2026 08:36,Đã báo đơn vị thi công,,,,,
07/07/2026 16:49,VNP-TD/00096375,MW000013254,Megawan NT,Vũ Thế Ninh,Đã hoàn công,08/07/2026 08:36,Đã báo đơn vị thi công,,,,,
07/07/2026 16:50,VNP-TD/00096371,MW000013649,Megawan NT,Nguyễn Duy Thành,Đã hoàn công,08/07/2026 07:35,đã báo các đơn vị,,,,,
08/07/2026 08:13,VNP-TD/00096442,MW000286229,Megawan NT,Lê Đức Vinh,Đã hoàn công,08/07/2026 09:49,Đã chuyển VTT,,,,,
08/07/2026 08:13,VNP-TD/00096443,MW000013303,Megawan NT,Lê Đức Vinh,Đã hoàn công,08/07/2026 09:49,Đã chuyển VTT,,,,,
08/07/2026 08:13,VNP-TD/00096444,MW000013293,Megawan NT,Lê Đức Vinh,Đã hoàn công,08/07/2026 09:49,Đã chuyển VTT,,,,,
08/07/2026 08:13,VNP-TD/00096445,MW000013298,Megawan NT,Lê Đức Vinh,Đã hoàn công,08/07/2026 09:49,Đã chuyển VTT,,,,,
08/07/2026 08:13,VNP-TD/00096446,MW000013301,Megawan NT,Lê Đức Vinh,Đã hoàn công,08/07/2026 09:49,Đã chuyển VTT,,,,,
08/07/2026 08:13,VNP-TD/00096447,MW000013300,Megawan NT,Lê Đức Vinh,Đã hoàn công,08/07/2026 09:49,Đã chuyển VTT,,,,,
08/07/2026 08:13,VNP-TD/00096448,MW000013299,Megawan NT,Lê Đức Vinh,Đã hoàn công,08/07/2026 09:49,Đã chuyển VTT,,,,,
08/07/2026 08:14,VNP-TD/00096450,MW000013313,Megawan NT,Lê Đức Vinh,Đã hoàn công,08/07/2026 16:30,Đã chuyển VTT,,,,,
08/07/2026 08:14,VNP-TD/00096451,MW000013310,Megawan NT,Lê Đức Vinh,Đã hoàn công,10/07/2026 10:25,Đã chuyển VTT,Đã mail cảnh báo lần 1 - 10/07/2026 08:14,,,,
08/07/2026 08:14,VNP-TD/00096449,MW001009671,Megawan NT,Lê Đức Vinh,Đã hoàn công,10/07/2026 08:33,Đã chuyển VTT,Đã mail cảnh báo lần 1 - 10/07/2026 08:14,,,,
08/07/2026 08:15,VNP-TD/00096415,MW001008965,Megawan NT,Nguyễn Duy Thành,Đã hoàn công,08/07/2026 15:26,đã báo các đơn vị,,,,,
08/07/2026 08:15,VNP-TD/00096416,MW000013773,Megawan NT,Nguyễn Duy Thành,Đã hoàn công,08/07/2026 15:26,đã báo các đơn vị,,,,,
08/07/2026 08:15,VNP-TD/00096417,MW000013774,Megawan NT,Nguyễn Duy Thành,Đã hoàn công,08/07/2026 15:26,đã báo các đơn vị,,,,,
08/07/2026 08:15,VNP-TD/00096418,MW000013777,Megawan NT,Nguyễn Duy Thành,Đã hoàn công,08/07/2026 09:03,đã báo các đơn vị,,,,,
08/07/2026 08:16,VNP-TD/00096429,MW000013261,Megawan NT,Nguyễn Duy Thành,Đã hoàn công,08/07/2026 15:43,đã báo các đơn vị,,,,,
08/07/2026 08:16,VNP-TD/00096430,MW000013263,Megawan NT,Nguyễn Duy Thành,Đã hoàn công,08/07/2026 15:43,đã báo các đơn vị,,,,,
08/07/2026 08:16,VNP-TD/00096431,MW000013264,Megawan NT,Nguyễn Duy Thành,Đã hoàn công,13/07/2026 07:05,Lỗi phiếu_Thanh hóa phải tìm kênh để map sau đó mới giao đi được,Đã mail cảnh báo lần 1 - 10/07/2026 09:14,,,,
08/07/2026 08:16,VNP-TD/00096432,MW000013269,Megawan NT,Nguyễn Duy Thành,Đã hoàn công,08/07/2026 16:09,đã báo các đơn vị,,,,,
08/07/2026 08:16,VNP-TD/00096433,MW000013279,Megawan NT,Nguyễn Duy Thành,Đã hoàn công,08/07/2026 16:09,đã báo các đơn vị,,,,,
08/07/2026 08:16,VNP-TD/00096434,MW000013270,Megawan NT,Nguyễn Duy Thành,Đã hoàn công,09/07/2026 15:22,đã báo các đơn vị,,,,,
08/07/2026 08:16,VNP-TD/00096435,MW000013272,Megawan NT,Nguyễn Duy Thành,Đã hoàn công,08/07/2026 15:43,đã báo các đơn vị,,,,,
08/07/2026 08:16,VNP-TD/00096436,MW000013284,Megawan NT,Nguyễn Duy Thành,Đã hoàn công,13/07/2026 07:05,Lỗi phiếu_Thanh hóa phải tìm kênh để map sau đó mới giao đi được,Đã mail cảnh báo lần 1 - 10/07/2026 09:14,,,,
08/07/2026 08:16,VNP-TD/00096437,MW000013274,Megawan NT,Nguyễn Duy Thành,Đã hoàn công,08/07/2026 15:43,đã báo các đơn vị,,,,,
08/07/2026 08:16,VNP-TD/00096438,MW000013275,Megawan NT,Nguyễn Duy Thành,Đã hoàn công,08/07/2026 15:43,đã báo các đơn vị,,,,,
08/07/2026 08:16,VNP-TD/00096439,MW000013277,Megawan NT,Nguyễn Duy Thành,Đã hoàn công,08/07/2026 15:43,đã báo các đơn vị,,,,,
08/07/2026 08:16,VNP-TD/00096440,MW000013278,Megawan NT,Nguyễn Duy Thành,Đã hoàn công,08/07/2026 15:43,đã báo các đơn vị,,,,,
08/07/2026 08:16,VNP-TD/00096441,MW001296005,Megawan NT,Nguyễn Duy Thành,Đã hoàn công,08/07/2026 15:43,đã báo các đơn vị,,,,,
08/07/2026 08:17,VNP-TD/00096412,MW001009276,Megawan NT,Nguyễn Duy Thành,Đã hoàn công,08/07/2026 15:26,đã báo các đơn vị,,,,,
08/07/2026 08:17,VNP-TD/00096413,MW000013742,Megawan NT,Nguyễn Duy Thành,Đã hoàn công,08/07/2026 15:26,đã báo các đơn vị,,,,,
08/07/2026 08:17,VNP-TD/00096414,MW000013745,Megawan NT,Nguyễn Duy Thành,Đã hoàn công,08/07/2026 15:40,đã báo các đơn vị,,,,,
08/07/2026 08:18,VNP-TD/00096397,MW000013734,Megawan NT,Vũ Thế Ninh,Đã hoàn công,10/07/2026 08:26,Đã báo đơn vị thi công,,,,,
08/07/2026 08:18,VNP-TD/00096398,MW000013731,Megawan NT,Vũ Thế Ninh,Đang xử lý,,lõi phiếu đang chờ IT xử lý,Đã mail cảnh báo lần 3 - 15/07/2026 09:14,,,,
08/07/2026 08:18,VNP-TD/00096399,MW000013730,Megawan NT,Vũ Thế Ninh,Đã hoàn công,08/07/2026 08:37,,,,,,
08/07/2026 08:19,VNP-TD/00096395,MW001009831,Megawan NT,Nguyễn Duy Thành,Đã hoàn công,08/07/2026 15:43,đã báo các đơn vị,,,,,
08/07/2026 08:19,VNP-TD/00096396,MW000013755,Megawan NT,Nguyễn Duy Thành,Đã hoàn công,08/07/2026 15:43,đã báo các đơn vị,,,,,
08/07/2026 08:19,VNP-TD/00096423,MW001009289,Megawan NT,Vũ Thế Ninh,Đã hoàn công,10/07/2026 08:26,Đã báo đơn vị thi công,,,,,
08/07/2026 08:20,VNP-TD/00096422,MW001009797,Megawan NT,Đào Anh Vũ,Đã hoàn công,14/07/2026 10:10,Chuyển VTT thực hiện,Đã mail cảnh báo lần 2 - 13/07/2026 09:14,,,,
08/07/2026 08:21,VNP-TD/00096394,MW000013669,Megawan NT,Đào Anh Vũ,Đã hoàn công,08/07/2026 11:07,Chuyển VTT thực hiện,,,,,
08/07/2026 08:24,VNP-TD/00096420,MW001009772,Megawan NT,Đoàn Hải Hà,Đã hoàn công,08/07/2026 10:35,,,,,,
08/07/2026 08:24,VNP-TD/00096421,MW000013823,Megawan NT,Đoàn Hải Hà,Đã hoàn công,08/07/2026 10:35,,,,,,
08/07/2026 08:24,VNP-TD/00096424,MW001009835,Megawan NT,Đoàn Hải Hà,Đã hoàn công,09/07/2026 08:07,VTT thực hiện,,,,,
08/07/2026 08:24,VNP-TD/00096425,MW000013790,Megawan NT,Đoàn Hải Hà,Đã hoàn công,09/07/2026 08:07,Báo VTT thực hiện,,,,,
08/07/2026 08:24,VNP-TD/00096426,MW000013796,Megawan NT,Đoàn Hải Hà,Đã hoàn công,09/07/2026 08:08,Báo VTT thực hiện nang cấp,,,,,
08/07/2026 08:24,VNP-TD/00096427,MW000013798,Megawan NT,Đoàn Hải Hà,Đã hoàn công,09/07/2026 08:09,Báo VTT thực hiện nang cấp,,,,,
08/07/2026 08:24,VNP-TD/00096402,MW001009024,Megawan NT,Đoàn Hải Hà,Đã hoàn công,09/07/2026 14:50,Báo VTT thực hiện nang cấp,,,,,
08/07/2026 08:24,VNP-TD/00096403,MW000013759,Megawan NT,Đoàn Hải Hà,Đã hoàn công,09/07/2026 14:18,Báo VTT thực hiện nang cấp,,,,,
08/07/2026 08:24,VNP-TD/00096404,MW000013768,Megawan NT,Đoàn Hải Hà,Đã hoàn công,09/07/2026 14:55,Báo VTT thực hiện nang cấp,,,,,
08/07/2026 08:24,VNP-TD/00096405,MW001009216,Megawan NT,Đoàn Hải Hà,Đã hoàn công,10/07/2026 09:14,Báo VTT thực hiện nang cấp,,,,,
08/07/2026 08:24,VNP-TD/00096406,MW000013705,Megawan NT,Đoàn Hải Hà,Đã hoàn công,10/07/2026 16:20,Báo VTT thực hiện nang cấp,Đã mail cảnh báo lần 1 - 10/07/2026 09:14,,,,
08/07/2026 08:24,VNP-TD/00096407,MW001009219,Megawan NT,Đoàn Hải Hà,Đã hoàn công,13/07/2026 09:58,Báo VTT thực hiện nang cấp,Đã mail cảnh báo lần 2 - 13/07/2026 09:14,,,,
08/07/2026 08:24,VNP-TD/00096409,MW000013784,Megawan NT,Đoàn Hải Hà,Đã hoàn công,10/07/2026 15:59,Báo VTT thực hiện nang cấp,Đã mail cảnh báo lần 1 - 10/07/2026 09:14,,,,
08/07/2026 08:24,VNP-TD/00096410,MW000013788,Megawan NT,Đoàn Hải Hà,Đã hoàn công,10/07/2026 09:14,Báo VTT thực hiện nang cấp,Đã mail cảnh báo lần 1 - 10/07/2026 09:14,,,,
08/07/2026 08:24,VNP-TD/00096411,MW000013785,Megawan NT,Đoàn Hải Hà,Đã hoàn công,10/07/2026 09:14,Báo VTT thực hiện nang cấp,Đã mail cảnh báo lần 1 - 10/07/2026 09:14,,,,
08/07/2026 08:25,VNP-TD/00096419,MW001008897,Megawan NT,Đoàn Hải Hà,Đã hoàn công,09/07/2026 15:06,Báo VTT thực hiện nang cấp,,,,,
08/07/2026 08:25,VNP-TD/00096408,MW001008802,Megawan NT,Đoàn Hải Hà,Đã hoàn công,10/07/2026 09:17,Báo VTT thực hiện nang cấp,Đã mail cảnh báo lần 1 - 10/07/2026 09:14,,,,
08/07/2026 08:26,VNP-TD/00096428,MW001008654,Megawan NT,Nguyễn Duy Thành,Đã hoàn công,08/07/2026 15:43,đã báo các đơn vị,,,,,
08/07/2026 08:26,VNP-TD/00096391,MW001008930,Megawan NT,Đào Anh Vũ,Đã hoàn công,14/07/2026 10:10,Chuyển VTT thực hiện,Đã mail cảnh báo lần 2 - 13/07/2026 09:14,,,,
08/07/2026 08:26,VNP-TD/00096393,MW001008537,Megawan NT,Đào Anh Vũ,Đã hoàn công,08/07/2026 11:07,Chuyển VTT thực hiện,,,,,
08/07/2026 08:27,51510,,Internet trực tiếp,Lê Đức Vinh,Đã hoàn công,09/07/2026 08:46,Đã chuyển VTT,,,,,
08/07/2026 08:28,HDG-TD/00342140,002534251MEN,Internet trực tiếp,Vũ Thế Ninh,Đã hoàn công,10/07/2026 08:25,SOC thoái trả vì phiếu nhập sai tốc độ,,,,,
08/07/2026 08:28,HDG-TD/00342139,002534252MEN,Internet trực tiếp,Vũ Thế Ninh,Đã hoàn công,10/07/2026 08:25,SOC thoái trả vì phiếu nhập sai tốc độ,,,,,
08/07/2026 08:29,51508,,Fiber,Đăng Văn Minh,Đã hoàn công,08/07/2026 15:02,Đã chuyển yêu cầu đến VTT,,,,,
08/07/2026 08:29,51511,,Fiber,Ngô Thị Minh Phương,Đã hoàn công,10/07/2026 09:14,LH với đơn vị để thực hiện  kt 	0919967287   ,Đã mail cảnh báo lần 1 - 10/07/2026 09:14,,,,
08/07/2026 08:38,VNP-DC/00015867,MN001121873,Metronet LT,Nguyễn Duy Thành,Đang xử lý,,Khách hàng_Mr Giang 0979755888 đang lên lịch d/c,Đã mail cảnh báo lần 3 - 15/07/2026 09:14,,,,
08/07/2026 09:16,VNP-TD/00096453,MW000013701,Megawan NT,Vũ Thế Ninh,Đã hoàn công,15/07/2026 10:28,lõi phiếu đang chờ IT xử lý,Đã mail cảnh báo lần 3 - 15/07/2026 10:14,,,,
08/07/2026 09:18,VNP-LD/00075210,tsnan10053,Fiber,Ngô Thị Minh Phương,Đã hoàn công,08/07/2026 16:20,LH với đơn vị để thực hiện ,,,,,
08/07/2026 09:19,51514,,Internet trực tiếp,Lê Đức Vinh,Đã hoàn công,09/07/2026 09:00,Đã chuyển VTT,,,,,
08/07/2026 09:19,51513,,Internet trực tiếp,Lê Đức Vinh,Đã hoàn công,09/07/2026 14:08,Khách hàng: Không biết gì về việc ks lắp mới đã báo AS Huệ,,,,,
08/07/2026 09:19,51512,,Internet trực tiếp,Lê Đức Vinh,Đã hoàn công,09/07/2026 14:08,Khách hàng: Không biết gì về việc ks lắp mới đã báo AS Huệ,,,,,
08/07/2026 09:20,51516,,Internet trực tiếp,Lê Đức Vinh,Đã hoàn công,10/07/2026 16:19,Khách hàng: Không biết gì về việc khảo sát đã báo AS Huệ,Đã mail cảnh báo lần 1 - 10/07/2026 10:14,,,,
08/07/2026 09:21,V06/LD/260708/02485,mnk0013ct,Metronet LT,Nguyễn Duy Thành,Đang xử lý,,Khách hàng_phải làm việc thuê cáp trong FPT,Đã mail cảnh báo lần 3 - 15/07/2026 10:14,,,,
08/07/2026 09:22,51518,,Internet trực tiếp,Lê Đức Vinh,Đã hoàn công,09/07/2026 14:01,Khách hàng: Không có nhu cầu lắp đặt thêm .,,,,,
08/07/2026 09:29,51523,,Fiber,Đăng Văn Minh,Đã hoàn công,09/07/2026 14:43,Đã chuyển yêu cầu đến VTT,,,,,
08/07/2026 09:38,VNP-LD/00075213,fbr00hq13,Fiber,Ngô Thị Minh Phương,Đã hoàn công,08/07/2026 16:27, thoái trả phiếu ngắn ngày nhập sai yêu cầu đã nhập lại mã HNI-LD/00045800,,,,,
08/07/2026 09:39,51528,,Internet trực tiếp,Đào Anh Vũ,Đang xử lý,,Chuyển VTT thực hiện,Đã mail cảnh báo lần 3 - 15/07/2026 10:14,,,,
08/07/2026 09:49,51527,,Internet trực tiếp,Lê Đức Vinh,Đã hoàn công,09/07/2026 09:27,"Đã chuyển VTT
",,,,,
08/07/2026 09:49,51525,,Internet trực tiếp,Lê Đức Vinh,Đã hoàn công,10/07/2026 10:32,"Đã chuyển VTT
",Đã mail cảnh báo lần 1 - 10/07/2026 10:14,,,,
08/07/2026 09:49,51524,,Internet trực tiếp,Lê Đức Vinh,Đã hoàn công,10/07/2026 10:32,"Đã chuyển VTT
",Đã mail cảnh báo lần 1 - 10/07/2026 10:14,,,,
08/07/2026 09:49,51522,,Internet trực tiếp,Lê Đức Vinh,Đã hoàn công,08/07/2026 10:37,"Đã chuyển VTT
",,,,,
08/07/2026 10:20,VNP-LD/00075221,dia000s6m,Internet trực tiếp,Đào Anh Vũ,Đã hoàn công,09/07/2026 08:04,"Phiếu sai thoái trả, nhập phiếu khác",,,,,
08/07/2026 10:50,V06/DV/260708/00126,MN001019955,Metronet LT,Đào Anh Vũ,Đã hoàn công,14/07/2026 10:10,Chuyển SOC/ VTT thực hiện,Đã mail cảnh báo lần 2 - 13/07/2026 11:14,,,,
08/07/2026 10:51,BNH-DV/00267034,MW001182514,Megawan LT,Đào Anh Vũ,Đã hoàn công,09/07/2026 08:06,Chuyển SOC/ VTT thực hiện,,,,,
08/07/2026 10:59,VNP-LD/00074890,pl2240,Fiber,Đăng Văn Minh,Đã hoàn công,09/07/2026 08:20,Đã chuyển yêu cầu đến VTT,,,,,
08/07/2026 10:59,VNP-LD/00074890,pl2253,Fiber,Đăng Văn Minh,Đã hoàn công,20/07/2026 08:19,Khách hàng_Khách hàng chưa xong hạ tầng_khách hẹn khi nào nhận bàn giao sẽ báo KTV,Đã mail cảnh báo lần 3 - 15/07/2026 11:14,,,,
08/07/2026 13:38,VNP-LD/00075242,fbr00hr1k,Fiber,Ngô Thị Minh Phương,Đã hoàn công,08/07/2026 17:06,LH với đơn vị để thực hiện kt  0913586699 +         0945198899 báo lắp xong rồi chờ hoàn công hôm  nay 8/7,,,,,
08/07/2026 13:39,VNP-LD/00075245,wcm2cap,Fiber,Đăng Văn Minh,Đã hoàn công,09/07/2026 10:07,Đã chuyển yêu cầu đến VTT,,,,,
08/07/2026 13:39,VNP-LD/00075245,vcm2cll,Fiber,Đăng Văn Minh,Đã hoàn công,10/07/2026 08:52,Đã chuyển yêu cầu đến VTT,,,,,
08/07/2026 13:42,VNP-TD/00096509,dia000rd4,Internet trực tiếp,Đào Anh Vũ,Đã hoàn công,14/07/2026 10:11,"Thoái trả, kinh doanh nhập mã khác",Đã mail cảnh báo lần 2 - 13/07/2026 14:14,,,,
08/07/2026 14:19,VNP-LD/00075251,dia000s7h,Internet trực tiếp,Đào Anh Vũ,Đã hoàn công,09/07/2026 08:07,Chuyển SOC/ VTT thực hiện,,,,,
08/07/2026 14:20,VNP-LD/00075248,mnk0013go,Metronet LT,Đào Anh Vũ,Đã hoàn công,14/07/2026 10:16,"THoái trả, Phiếu nhập sai loại hình",Đã mail cảnh báo lần 2 - 13/07/2026 15:14,,,,
08/07/2026 14:21,51534,,Internet trực tiếp,Lê Đức Vinh,Đã hoàn công,13/07/2026 09:40,Đã chuyển VTT,Đã mail cảnh báo lần 1 - 10/07/2026 15:14,,,,
08/07/2026 14:28,VNP-TL/00066946,M171023,Megawan LT,Đào Anh Vũ,Đang xử lý,,"Phiếu kênh trắng, cho bán chéo hỗ trợ MAP kênh",Đã mail cảnh báo lần 3 - 15/07/2026 15:14,,,,
08/07/2026 14:31,VNP-LD/00075256,mnk0013hi,Metronet NT,Nguyễn Duy Thành,Đã hoàn công,09/07/2026 16:07,đã báo các đơn vị,,,,,
08/07/2026 14:45,VNP-TL/00066944,M171018,Megawan LT,Đoàn Hải Hà,Đã hoàn công,13/07/2026 09:59,"Lỗi phiếu, về CBG kênh trắng, CBG nhờ IT map và giao thi công",Đã mail cảnh báo lần 1 - 10/07/2026 15:14,,,,
08/07/2026 14:46,VNP-TL/00066945,M171021,Megawan LT,Đoàn Hải Hà,Đang xử lý,,"Lỗi phiếu, về SLA kênh trắng, SLA nhờ IT map và giao thi công",Đã mail cảnh báo lần 3 - 15/07/2026 15:14,,,,
08/07/2026 15:10,VNP-LD/00075257,mnk0013hs,Metronet NT,Đoàn Hải Hà,Đang xử lý,,Công An Tỉnh TBH chưa có thiết bị dể nhận kênh,Đã mail cảnh báo lần 3 - 15/07/2026 15:14,,,,
08/07/2026 15:11,VNP-LD/00075263,qtk0007jz,Kênh Thuê Riêng,Đào Anh Vũ,Đang xử lý,,"Kênh Cục BĐTƯ, VTT chờ BAN KHDN gửi công văn để cấp vật tư dây nhảy , sfp cấp cho khách hàng",Đã mail cảnh báo lần 3 - 15/07/2026 15:14,,,,
08/07/2026 15:21,VNP-LD/00075264,mnk0013i2,Metronet NT,Nguyễn Duy Thành,Đã hoàn công,09/07/2026 14:08,đã báo các đơn vị,,,,,
08/07/2026 15:22,V06/DV/260708/00386,MN001019484,Metronet LT,Đào Anh Vũ,Đã hoàn công,14/07/2026 10:19,Chuyển SOC/ VTT thực hiện,Đã mail cảnh báo lần 2 - 13/07/2026 16:14,,,,
08/07/2026 15:39,VNP-TL/00066972,rcv-acbgiangvo,Fiber,Đăng Văn Minh,Đã hoàn công,09/07/2026 09:41,Đã chuyển yêu cầu đến VTT,,,,,
08/07/2026 15:39,VNP-TL/00066971,rvc-b6namcao,Fiber,Đăng Văn Minh,Đã hoàn công,09/07/2026 09:42,Đã chuyển yêu cầu đến VTT,,,,,
08/07/2026 15:39,VNP-TL/00066973,rvc-acb.quansu,Fiber,Đăng Văn Minh,Đã hoàn công,09/07/2026 09:42,Đã chuyển yêu cầu đến VTT,,,,,
08/07/2026 15:39,VNP-TL/00066974,rvc_acb.a41ltthni,Fiber,Đăng Văn Minh,Đã hoàn công,09/07/2026 09:43,Đã chuyển yêu cầu đến VTT,,,,,
08/07/2026 15:39,VNP-TL/00066970,643pvdong,Fiber,Đăng Văn Minh,Đã hoàn công,09/07/2026 09:43,Đã chuyển yêu cầu đến VTT,,,,,
08/07/2026 15:39,VNP-TL/00066975,rvc-acbpgdnhh,Fiber,Đăng Văn Minh,Đã hoàn công,09/07/2026 09:44,Đã chuyển yêu cầu đến VTT,,,,,
08/07/2026 15:39,VNP-TL/00066964,rv1410,Fiber,Đăng Văn Minh,Đã hoàn công,09/07/2026 16:35,Đã chuyển yêu cầu đến VTT,,,,,
08/07/2026 15:39,VNP-TL/00066967,rvctuhiep,Fiber,Đăng Văn Minh,Đã hoàn công,09/07/2026 08:28,Đã chuyển yêu cầu đến VTT,,,,,
08/07/2026 15:39,VNP-TL/00066968,rv3110,Fiber,Đăng Văn Minh,Đã hoàn công,09/07/2026 16:35,Đã chuyển yêu cầu đến VTT,,,,,
08/07/2026 15:39,VNP-TL/00066963,rv0711,Fiber,Đăng Văn Minh,Đã hoàn công,09/07/2026 16:35,Đã chuyển yêu cầu đến VTT,,,,,
08/07/2026 15:41,VNP-TL/00066952,rvcvanquan,Fiber,Đăng Văn Minh,Đã hoàn công,13/07/2026 08:20,Đã chuyển yêu cầu đến VTT,Đã mail cảnh báo lần 1 - 10/07/2026 16:14,,,,
08/07/2026 15:41,VNP-TL/00066951,rvchht,Fiber,Đăng Văn Minh,Đã hoàn công,13/07/2026 08:20,Đã chuyển yêu cầu đến VTT,Đã mail cảnh báo lần 1 - 10/07/2026 16:14,,,,
08/07/2026 15:41,VNP-TL/00066958,rvctdn,Fiber,Đăng Văn Minh,Đã hoàn công,13/07/2026 08:20,Đã chuyển yêu cầu đến VTT,Đã mail cảnh báo lần 1 - 10/07/2026 16:14,,,,
08/07/2026 15:42,VNP-TL/00066949,rvccaolo,Fiber,Lê Đức Vinh,Đã hoàn công,10/07/2026 15:45,Đã chuyển VTT,,,,,
08/07/2026 15:42,VNP-TL/00066959,rvcldh,Fiber,Lê Đức Vinh,Đã hoàn công,10/07/2026 15:46,Đã chuyển VTT,,,,,
08/07/2026 15:42,VNP-TL/00066947,rvcttt,Fiber,Lê Đức Vinh,Đã hoàn công,10/07/2026 15:39,Đã chuyển VTT,,,,,
08/07/2026 15:42,VNP-TL/00066948,rvcmaidong,Fiber,Lê Đức Vinh,Đã hoàn công,09/07/2026 16:28,Đã chuyển VTT,,,,,
08/07/2026 15:42,VNP-TL/00066950,rv0410,Fiber,Lê Đức Vinh,Đã hoàn công,10/07/2026 15:49,Đã chuyển VTT,,,,,
08/07/2026 15:42,VNP-TL/00066957,rvcmki,Fiber,Lê Đức Vinh,Đã hoàn công,10/07/2026 15:40,Đã chuyển VTT,,,,,
08/07/2026 15:42,VNP-TL/00066956,rvcttien,Fiber,Lê Đức Vinh,Đã hoàn công,10/07/2026 15:44,Đã chuyển VTT,,,,,
08/07/2026 15:42,VNP-TL/00066955,rvcktd,Fiber,Lê Đức Vinh,Đã hoàn công,10/07/2026 15:42,Đã chuyển VTT,,,,,
08/07/2026 15:42,VNP-TL/00066954,rvchahoi,Fiber,Lê Đức Vinh,Đã hoàn công,09/07/2026 16:14,Đã chuyển VTT,,,,,
08/07/2026 15:42,VNP-TL/00066953,rvcdda,Fiber,Lê Đức Vinh,Đã hoàn công,10/07/2026 15:49,Đã chuyển VTT,,,,,
08/07/2026 15:43,VNP-LD/00075265,qtk0007ka,Kênh Thuê Riêng,Đào Anh Vũ,Đang xử lý,,"Kênh Cục BĐTƯ, VTT chờ BAN KHDN gửi công văn để cấp vật tư dây nhảy , sfp cấp cho khách hàng",Đã mail cảnh báo lần 3 - 15/07/2026 16:14,,,,
08/07/2026 15:53,VNP-LD/00075266,qtk0007kk,Kênh Thuê Riêng,Đào Anh Vũ,Đang xử lý,,"Kênh Cục BĐTƯ, VTT chờ BAN KHDN gửi công văn để cấp vật tư dây nhảy , sfp cấp cho khách hàng",Đã mail cảnh báo lần 3 - 15/07/2026 16:14,,,,
08/07/2026 15:54,VNP-LD/00075267,mnk0013ic,Metronet NT,Nguyễn Duy Thành,Đã hoàn công,09/07/2026 15:05,đã báo các đơn vị,,,,,
08/07/2026 16:18,VNP-TL/00066984,MN001036125,Metronet NT,Nguyễn Duy Thành,Đã hoàn công,08/07/2026 16:48,,,,,,
08/07/2026 16:18,VNP-TL/00066985,MN001036129,Metronet NT,Nguyễn Duy Thành,Đã hoàn công,08/07/2026 16:48,,,,,,
08/07/2026 16:19,VNP-LD/00075270,qtk0007lh,Kênh Thuê Riêng,Đào Anh Vũ,Đang xử lý,,"Kênh Cục BĐTƯ, VTT chờ BAN KHDN gửi công văn để cấp vật tư dây nhảy , sfp cấp cho khách hàng",Đã mail cảnh báo lần 3 - 15/07/2026 17:14,,,,
08/07/2026 16:19,VNP-LD/00075269,qtk0007l4,Kênh Thuê Riêng,Đào Anh Vũ,Đang xử lý,,"Kênh Cục BĐTƯ, VTT chờ BAN KHDN gửi công văn để cấp vật tư dây nhảy , sfp cấp cho khách hàng",Đã mail cảnh báo lần 3 - 15/07/2026 17:14,,,,
08/07/2026 16:19,VNP-LD/00075268,qtk0007ku,Kênh Thuê Riêng,Đào Anh Vũ,Đang xử lý,,"Kênh Cục BĐTƯ, VTT chờ BAN KHDN gửi công văn để cấp vật tư dây nhảy , sfp cấp cho khách hàng",Đã mail cảnh báo lần 3 - 15/07/2026 17:14,,,,
08/07/2026 16:28,VNP-TL/00066986,fbr00fqyc,Fiber,Đăng Văn Minh,Đã hoàn công,09/07/2026 10:07,Đã chuyển yêu cầu đến VTT,,,,,
08/07/2026 16:38,VNP-LD/00075272,qtk0007lr,Kênh Thuê Riêng,Đào Anh Vũ,Đang xử lý,,"Kênh Cục BĐTƯ, VTT chờ BAN KHDN gửi công văn để cấp vật tư dây nhảy , sfp cấp cho khách hàng",Đã mail cảnh báo lần 3 - 15/07/2026 17:14,,,,
08/07/2026 16:39,VNP-LD/00075271,mnk0013im,Metronet NT,Nguyễn Duy Thành,Đã hoàn công,15/07/2026 08:56,"Khách hàng_Kênh của CA, khách hàng yêu cầu thiết bị dán tem an ninh",Đã mail cảnh báo lần 2 - 13/07/2026 17:14,,,,
08/07/2026 16:48,VNP-LD/00075274,qtk0007m2,Kênh Thuê Riêng,Đào Anh Vũ,Đang xử lý,,"Kênh Cục BĐTƯ, VTT chờ BAN KHDN gửi công văn để cấp vật tư dây nhảy , sfp cấp cho khách hàng",Đã mail cảnh báo lần 3 - 15/07/2026 17:14,,,,
09/07/2026 08:18,HCM-DV/15298223,DI001050651,Internet trực tiếp,Đoàn Hải Hà,Đã hoàn công,09/07/2026 15:56,SOC/VTT thực hiện,,,,,
09/07/2026 08:18,HNM-TD/00186544,DI001012542,Internet trực tiếp,Đào Anh Vũ,Đã hoàn công,15/07/2026 10:23,"THoái trả, sai thông tin phiếu đầu vào",Đã mail cảnh báo lần 2 - 14/07/2026 09:14,,,,
09/07/2026 08:22,VNP-LD/00075279,mnk0013iy,Metronet NT,Nguyễn Duy Thành,Đã hoàn công,13/07/2026 15:04,"Khách hàng_Kênh của CA, khách hàng yêu cầu thiết bị dán tem an ninh",Đã mail cảnh báo lần 1 - 13/07/2026 09:14,,,,
09/07/2026 08:23,V06/LD/260708/09901,mnk0013jv,Metronet LT,Đoàn Hải Hà,Đang xử lý,,Khách hàng hẹn này nhận kênh,Đã mail cảnh báo lần 3 - 16/07/2026 09:14,,,,
09/07/2026 08:24,51539,,Metronet NT,Lê Đức Vinh,Đã hoàn công,13/07/2026 09:40,Đã báo VTT,Đã mail cảnh báo lần 1 - 13/07/2026 09:14,,,,
09/07/2026 08:24,51535,,Metronet NT,Lê Đức Vinh,Đã hoàn công,09/07/2026 10:41,Đã báo VTT,,,,,
09/07/2026 08:24,51536,,Metronet NT,Lê Đức Vinh,Đã hoàn công,10/07/2026 16:58,Đã báo VTT,,,,,
09/07/2026 08:26,VNP-LD/00075293,fbr00hsx3,Fiber,Đăng Văn Minh,Đang xử lý,,"Khách hàng_Khách hàng chưa xong hạ tầng_Thoái trả phiếu do , KH đang xây sửa cửa hàng chưa xong, đã liên hệ với KH và giao dịch viên đồng ý trả phiếu.",Đã mail cảnh báo lần 3 - 16/07/2026 09:14,,,,
09/07/2026 08:26,VNP-LD/00075299,fbr00hsyg,Fiber,Đăng Văn Minh,Đã hoàn công,09/07/2026 14:51,Đã chuyển yêu cầu đến VTT,,,,,
09/07/2026 08:27,VNP-TL/00066995,bgt51912,Fiber,Đào Anh Vũ,Đã hoàn công,09/07/2026 09:52,Chuyển VTT thực hiện,,,,,
09/07/2026 08:28,VNP-TL/00066994,bgt08184,Fiber,Lê Đức Vinh,Đã hoàn công,13/07/2026 08:58,Đã báo VTT,,,,,
09/07/2026 08:39,VNP-DC/00015869,MW001098919,Megawan NT,Đoàn Hải Hà,Đã hoàn công,20/07/2026 09:08,"Khách hàng chưa mang thiết bị sang điểm mới, hẹn cuối tuần 18/07/2026",Đã mail cảnh báo lần 3 - 16/07/2026 09:14,,,,
09/07/2026 08:39,VNP-LD/00075277,mwk000s8r,Megawan NT,Đoàn Hải Hà,Đã hoàn công,09/07/2026 14:43,Báo VTT thực hiện,,,,,
09/07/2026 08:47,HDG-TD/00342291,002534251MEN,Internet trực tiếp,Đoàn Hải Hà,Đã hoàn công,09/07/2026 14:13,Báo SOC/VT thực hiện,,,,,
09/07/2026 08:47,HDG-TD/00342291,002534252MEN,Internet trực tiếp,Đoàn Hải Hà,Đã hoàn công,09/07/2026 14:13,Báo SOC/VT thực hiện,,,,,
09/07/2026 09:14,VNP-LD/00075305,fbr00htl1,Fiber,Đăng Văn Minh,Đã hoàn công,13/07/2026 08:22,Đã chuyển yêu cầu đến VTT,,,,,
09/07/2026 09:15,VNP-LD/00075194,mnk001396,Metronet NT,Đoàn Hải Hà,Đang xử lý,,"Dự Án kết nối Mạng TSLCD phục vụ trao đổi Văn bản Mật cho Nhà nước theo VB 9032/VNPT-CN cho UBND, HDND, MTTQ",Đã mail cảnh báo lần 3 - 16/07/2026 10:14,,,,
09/07/2026 09:15,VNP-LD/00075194,mnk00139g,Metronet NT,Đoàn Hải Hà,Đang xử lý,,"Dự Án kết nối Mạng TSLCD phục vụ trao đổi Văn bản Mật cho Nhà nước theo VB 9032/VNPT-CN cho UBND, HDND, MTTQ",Đã mail cảnh báo lần 3 - 16/07/2026 10:14,,,,
09/07/2026 09:15,VNP-LD/00075194,mnk00139d,Metronet NT,Đoàn Hải Hà,Đang xử lý,,"Dự Án kết nối Mạng TSLCD phục vụ trao đổi Văn bản Mật cho Nhà nước theo VB 9032/VNPT-CN cho UBND, HDND, MTTQ",Đã mail cảnh báo lần 3 - 16/07/2026 10:14,,,,
09/07/2026 09:15,VNP-LD/00075194,mnk00138w,Metronet NT,Đoàn Hải Hà,Đang xử lý,,"Dự Án kết nối Mạng TSLCD phục vụ trao đổi Văn bản Mật cho Nhà nước theo VB 9032/VNPT-CN cho UBND, HDND, MTTQ",Đã mail cảnh báo lần 3 - 16/07/2026 10:14,,,,
09/07/2026 09:15,VNP-LD/00075194,mnk001395,Metronet NT,Đoàn Hải Hà,Đang xử lý,,"Dự Án kết nối Mạng TSLCD phục vụ trao đổi Văn bản Mật cho Nhà nước theo VB 9032/VNPT-CN cho UBND, HDND, MTTQ",Đã mail cảnh báo lần 3 - 16/07/2026 10:14,,,,
09/07/2026 09:15,VNP-LD/00075194,mnk001392,Metronet NT,Đoàn Hải Hà,Đang xử lý,,"Dự Án kết nối Mạng TSLCD phục vụ trao đổi Văn bản Mật cho Nhà nước theo VB 9032/VNPT-CN cho UBND, HDND, MTTQ",Đã mail cảnh báo lần 3 - 16/07/2026 10:14,,,,
09/07/2026 09:15,VNP-LD/00075194,mnk001390,Metronet NT,Đoàn Hải Hà,Đang xử lý,,"Dự Án kết nối Mạng TSLCD phục vụ trao đổi Văn bản Mật cho Nhà nước theo VB 9032/VNPT-CN cho UBND, HDND, MTTQ",Đã mail cảnh báo lần 3 - 16/07/2026 10:14,,,,
09/07/2026 09:15,VNP-LD/00075194,mnk00138y,Metronet NT,Đoàn Hải Hà,Đang xử lý,,"Dự Án kết nối Mạng TSLCD phục vụ trao đổi Văn bản Mật cho Nhà nước theo VB 9032/VNPT-CN cho UBND, HDND, MTTQ",Đã mail cảnh báo lần 3 - 16/07/2026 10:14,,,,
09/07/2026 09:15,VNP-LD/00075194,mnk00138t,Metronet NT,Đoàn Hải Hà,Đang xử lý,,"Dự Án kết nối Mạng TSLCD phục vụ trao đổi Văn bản Mật cho Nhà nước theo VB 9032/VNPT-CN cho UBND, HDND, MTTQ",Đã mail cảnh báo lần 3 - 16/07/2026 10:14,,,,
09/07/2026 09:15,VNP-LD/00075194,mnk00138v,Metronet NT,Đoàn Hải Hà,Đang xử lý,,"Dự Án kết nối Mạng TSLCD phục vụ trao đổi Văn bản Mật cho Nhà nước theo VB 9032/VNPT-CN cho UBND, HDND, MTTQ",Đã mail cảnh báo lần 3 - 16/07/2026 10:14,,,,
09/07/2026 09:15,VNP-LD/00075194,mnk00138u,Metronet NT,Đoàn Hải Hà,Đang xử lý,,"Dự Án kết nối Mạng TSLCD phục vụ trao đổi Văn bản Mật cho Nhà nước theo VB 9032/VNPT-CN cho UBND, HDND, MTTQ",Đã mail cảnh báo lần 3 - 16/07/2026 10:14,,,,
09/07/2026 09:15,VNP-LD/00075194,mnk00138c,Metronet NT,Đoàn Hải Hà,Đang xử lý,,"Dự Án kết nối Mạng TSLCD phục vụ trao đổi Văn bản Mật cho Nhà nước theo VB 9032/VNPT-CN cho UBND, HDND, MTTQ",Đã mail cảnh báo lần 3 - 16/07/2026 10:14,,,,
09/07/2026 09:15,VNP-LD/00075194,mnk00138s,Metronet NT,Đoàn Hải Hà,Đang xử lý,,"Dự Án kết nối Mạng TSLCD phục vụ trao đổi Văn bản Mật cho Nhà nước theo VB 9032/VNPT-CN cho UBND, HDND, MTTQ",Đã mail cảnh báo lần 3 - 16/07/2026 10:14,,,,
09/07/2026 09:15,VNP-LD/00075194,mnk00138r,Metronet NT,Đoàn Hải Hà,Đang xử lý,,"Dự Án kết nối Mạng TSLCD phục vụ trao đổi Văn bản Mật cho Nhà nước theo VB 9032/VNPT-CN cho UBND, HDND, MTTQ",Đã mail cảnh báo lần 3 - 16/07/2026 10:14,,,,
09/07/2026 09:15,VNP-LD/00075194,mnk00138e,Metronet NT,Đoàn Hải Hà,Đang xử lý,,"Dự Án kết nối Mạng TSLCD phục vụ trao đổi Văn bản Mật cho Nhà nước theo VB 9032/VNPT-CN cho UBND, HDND, MTTQ",Đã mail cảnh báo lần 3 - 16/07/2026 10:14,,,,
09/07/2026 09:15,VNP-LD/00075194,mnk00138d,Metronet NT,Đoàn Hải Hà,Đang xử lý,,"Dự Án kết nối Mạng TSLCD phục vụ trao đổi Văn bản Mật cho Nhà nước theo VB 9032/VNPT-CN cho UBND, HDND, MTTQ",Đã mail cảnh báo lần 3 - 16/07/2026 10:14,,,,
09/07/2026 09:15,VNP-LD/00075194,mnk001386,Metronet NT,Đoàn Hải Hà,Đang xử lý,,"Dự Án kết nối Mạng TSLCD phục vụ trao đổi Văn bản Mật cho Nhà nước theo VB 9032/VNPT-CN cho UBND, HDND, MTTQ",Đã mail cảnh báo lần 3 - 16/07/2026 10:14,,,,
09/07/2026 09:15,VNP-LD/00075194,mnk00138b,Metronet NT,Đoàn Hải Hà,Đang xử lý,,"Dự Án kết nối Mạng TSLCD phục vụ trao đổi Văn bản Mật cho Nhà nước theo VB 9032/VNPT-CN cho UBND, HDND, MTTQ",Đã mail cảnh báo lần 3 - 16/07/2026 10:14,,,,
09/07/2026 09:15,VNP-LD/00075194,mnk001389,Metronet NT,Đoàn Hải Hà,Đang xử lý,,"Dự Án kết nối Mạng TSLCD phục vụ trao đổi Văn bản Mật cho Nhà nước theo VB 9032/VNPT-CN cho UBND, HDND, MTTQ",Đã mail cảnh báo lần 3 - 16/07/2026 10:14,,,,
09/07/2026 09:15,VNP-LD/00075194,mnk001388,Metronet NT,Đoàn Hải Hà,Đang xử lý,,"Dự Án kết nối Mạng TSLCD phục vụ trao đổi Văn bản Mật cho Nhà nước theo VB 9032/VNPT-CN cho UBND, HDND, MTTQ",Đã mail cảnh báo lần 3 - 16/07/2026 10:14,,,,
09/07/2026 09:15,VNP-LD/00075194,mnk001387,Metronet NT,Đoàn Hải Hà,Đang xử lý,,"Dự Án kết nối Mạng TSLCD phục vụ trao đổi Văn bản Mật cho Nhà nước theo VB 9032/VNPT-CN cho UBND, HDND, MTTQ",Đã mail cảnh báo lần 3 - 16/07/2026 10:14,,,,
09/07/2026 09:15,VNP-LD/00075194,mnk001381,Metronet NT,Đoàn Hải Hà,Đang xử lý,,"Dự Án kết nối Mạng TSLCD phục vụ trao đổi Văn bản Mật cho Nhà nước theo VB 9032/VNPT-CN cho UBND, HDND, MTTQ",Đã mail cảnh báo lần 3 - 16/07/2026 10:14,,,,
09/07/2026 09:15,VNP-LD/00075194,mnk001385,Metronet NT,Đoàn Hải Hà,Đang xử lý,,"Dự Án kết nối Mạng TSLCD phục vụ trao đổi Văn bản Mật cho Nhà nước theo VB 9032/VNPT-CN cho UBND, HDND, MTTQ",Đã mail cảnh báo lần 3 - 16/07/2026 10:14,,,,
09/07/2026 09:15,VNP-LD/00075194,mnk001384,Metronet NT,Đoàn Hải Hà,Đang xử lý,,"Dự Án kết nối Mạng TSLCD phục vụ trao đổi Văn bản Mật cho Nhà nước theo VB 9032/VNPT-CN cho UBND, HDND, MTTQ",Đã mail cảnh báo lần 3 - 16/07/2026 10:14,,,,
09/07/2026 09:15,VNP-LD/00075194,mnk001383,Metronet NT,Đoàn Hải Hà,Đang xử lý,,"Dự Án kết nối Mạng TSLCD phục vụ trao đổi Văn bản Mật cho Nhà nước theo VB 9032/VNPT-CN cho UBND, HDND, MTTQ",Đã mail cảnh báo lần 3 - 16/07/2026 10:14,,,,
09/07/2026 09:15,VNP-LD/00075194,mnk001382,Metronet NT,Đoàn Hải Hà,Đang xử lý,,"Dự Án kết nối Mạng TSLCD phục vụ trao đổi Văn bản Mật cho Nhà nước theo VB 9032/VNPT-CN cho UBND, HDND, MTTQ",Đã mail cảnh báo lần 3 - 16/07/2026 10:14,,,,
09/07/2026 09:15,VNP-LD/00075194,mnk00137u,Metronet NT,Đoàn Hải Hà,Đang xử lý,,"Dự Án kết nối Mạng TSLCD phục vụ trao đổi Văn bản Mật cho Nhà nước theo VB 9032/VNPT-CN cho UBND, HDND, MTTQ",Đã mail cảnh báo lần 3 - 16/07/2026 10:14,,,,
09/07/2026 09:15,VNP-LD/00075194,mnk001380,Metronet NT,Đoàn Hải Hà,Đang xử lý,,"Dự Án kết nối Mạng TSLCD phục vụ trao đổi Văn bản Mật cho Nhà nước theo VB 9032/VNPT-CN cho UBND, HDND, MTTQ",Đã mail cảnh báo lần 3 - 16/07/2026 10:14,,,,
09/07/2026 09:15,VNP-LD/00075194,mnk00137z,Metronet NT,Đoàn Hải Hà,Đang xử lý,,"Dự Án kết nối Mạng TSLCD phục vụ trao đổi Văn bản Mật cho Nhà nước theo VB 9032/VNPT-CN cho UBND, HDND, MTTQ",Đã mail cảnh báo lần 3 - 16/07/2026 10:14,,,,
09/07/2026 09:15,VNP-LD/00075194,mnk00137x,Metronet NT,Đoàn Hải Hà,Đang xử lý,,"Dự Án kết nối Mạng TSLCD phục vụ trao đổi Văn bản Mật cho Nhà nước theo VB 9032/VNPT-CN cho UBND, HDND, MTTQ",Đã mail cảnh báo lần 3 - 16/07/2026 10:14,,,,
09/07/2026 09:17,VNP-LD/00075196,mnk0013ka,Metronet NT,Đoàn Hải Hà,Đang xử lý,,"Dự Án kết nối Mạng TSLCD phục vụ trao đổi Văn bản Mật cho Nhà nước theo VB 9032/VNPT-CN cho UBND, HDND, MTTQ",Đã mail cảnh báo lần 3 - 16/07/2026 10:14,,,,
09/07/2026 09:17,VNP-LD/00075196,mnk0013kc,Metronet NT,Đoàn Hải Hà,Đã hoàn công,20/07/2026 14:08,"Dự Án kết nối Mạng TSLCD phục vụ trao đổi Văn bản Mật cho Nhà nước theo VB 9032/VNPT-CN cho UBND, HDND, MTTQ",Đã mail cảnh báo lần 3 - 16/07/2026 10:14,,,,
09/07/2026 09:17,VNP-LD/00075196,mnk0013b2,Metronet NT,Đoàn Hải Hà,Đã hoàn công,20/07/2026 09:04,"Dự Án kết nối Mạng TSLCD phục vụ trao đổi Văn bản Mật cho Nhà nước theo VB 9032/VNPT-CN cho UBND, HDND, MTTQ",Đã mail cảnh báo lần 3 - 16/07/2026 10:14,,,,
09/07/2026 09:17,VNP-LD/00075196,mnk0013bc,Metronet NT,Đoàn Hải Hà,Đã hoàn công,20/07/2026 09:09,"Dự Án kết nối Mạng TSLCD phục vụ trao đổi Văn bản Mật cho Nhà nước theo VB 9032/VNPT-CN cho UBND, HDND, MTTQ",Đã mail cảnh báo lần 3 - 16/07/2026 10:14,,,,
09/07/2026 09:17,VNP-LD/00075196,mnk0013ba,Metronet NT,Đoàn Hải Hà,Đã hoàn công,20/07/2026 08:21,"Dự Án kết nối Mạng TSLCD phục vụ trao đổi Văn bản Mật cho Nhà nước theo VB 9032/VNPT-CN cho UBND, HDND, MTTQ",Đã mail cảnh báo lần 3 - 16/07/2026 10:14,,,,
09/07/2026 09:17,VNP-LD/00075196,mnk0013b8,Metronet NT,Đoàn Hải Hà,Đã hoàn công,20/07/2026 08:21,"Dự Án kết nối Mạng TSLCD phục vụ trao đổi Văn bản Mật cho Nhà nước theo VB 9032/VNPT-CN cho UBND, HDND, MTTQ",Đã mail cảnh báo lần 3 - 16/07/2026 10:14,,,,
09/07/2026 09:17,VNP-LD/00075196,mnk0013b6,Metronet NT,Đoàn Hải Hà,Đang xử lý,,"Dự Án kết nối Mạng TSLCD phục vụ trao đổi Văn bản Mật cho Nhà nước theo VB 9032/VNPT-CN cho UBND, HDND, MTTQ",Đã mail cảnh báo lần 3 - 16/07/2026 10:14,,,,
09/07/2026 09:17,VNP-LD/00075196,mnk0013b5,Metronet NT,Đoàn Hải Hà,Đã hoàn công,20/07/2026 08:22,"Dự Án kết nối Mạng TSLCD phục vụ trao đổi Văn bản Mật cho Nhà nước theo VB 9032/VNPT-CN cho UBND, HDND, MTTQ",Đã mail cảnh báo lần 3 - 16/07/2026 10:14,,,,
09/07/2026 09:17,VNP-LD/00075196,mnk0013b4,Metronet NT,Đoàn Hải Hà,Đang xử lý,,"Dự Án kết nối Mạng TSLCD phục vụ trao đổi Văn bản Mật cho Nhà nước theo VB 9032/VNPT-CN cho UBND, HDND, MTTQ",Đã mail cảnh báo lần 3 - 16/07/2026 10:14,,,,
09/07/2026 09:17,VNP-LD/00075196,mnk0013ai,Metronet NT,Đoàn Hải Hà,Đã hoàn công,20/07/2026 08:19,"Dự Án kết nối Mạng TSLCD phục vụ trao đổi Văn bản Mật cho Nhà nước theo VB 9032/VNPT-CN cho UBND, HDND, MTTQ",Đã mail cảnh báo lần 3 - 16/07/2026 10:14,,,,
09/07/2026 09:17,VNP-LD/00075196,mnk0013b0,Metronet NT,Đoàn Hải Hà,Đã hoàn công,20/07/2026 09:14,"Dự Án kết nối Mạng TSLCD phục vụ trao đổi Văn bản Mật cho Nhà nước theo VB 9032/VNPT-CN cho UBND, HDND, MTTQ",Đã mail cảnh báo lần 3 - 16/07/2026 10:14,,,,
09/07/2026 09:17,VNP-LD/00075196,mnk0013at,Metronet NT,Đoàn Hải Hà,Đã hoàn công,20/07/2026 08:22,"Dự Án kết nối Mạng TSLCD phục vụ trao đổi Văn bản Mật cho Nhà nước theo VB 9032/VNPT-CN cho UBND, HDND, MTTQ",Đã mail cảnh báo lần 3 - 16/07/2026 10:14,,,,
09/07/2026 09:17,VNP-LD/00075196,mnk0013am,Metronet NT,Đoàn Hải Hà,Đang xử lý,,"Dự Án kết nối Mạng TSLCD phục vụ trao đổi Văn bản Mật cho Nhà nước theo VB 9032/VNPT-CN cho UBND, HDND, MTTQ",Đã mail cảnh báo lần 3 - 16/07/2026 10:14,,,,
09/07/2026 09:17,VNP-LD/00075196,mnk0013al,Metronet NT,Đoàn Hải Hà,Đang xử lý,,"Dự Án kết nối Mạng TSLCD phục vụ trao đổi Văn bản Mật cho Nhà nước theo VB 9032/VNPT-CN cho UBND, HDND, MTTQ",Đã mail cảnh báo lần 3 - 16/07/2026 10:14,,,,
09/07/2026 09:17,VNP-LD/00075196,mnk0013ak,Metronet NT,Đoàn Hải Hà,Đã hoàn công,20/07/2026 08:22,"Dự Án kết nối Mạng TSLCD phục vụ trao đổi Văn bản Mật cho Nhà nước theo VB 9032/VNPT-CN cho UBND, HDND, MTTQ",Đã mail cảnh báo lần 3 - 16/07/2026 10:14,,,,
09/07/2026 09:17,VNP-LD/00075196,mnk00139r,Metronet NT,Đoàn Hải Hà,Đang xử lý,,"Dự Án kết nối Mạng TSLCD phục vụ trao đổi Văn bản Mật cho Nhà nước theo VB 9032/VNPT-CN cho UBND, HDND, MTTQ",Đã mail cảnh báo lần 3 - 16/07/2026 10:14,,,,
09/07/2026 09:17,VNP-LD/00075196,mnk0013ag,Metronet NT,Đoàn Hải Hà,Đã hoàn công,20/07/2026 08:19,"Dự Án kết nối Mạng TSLCD phục vụ trao đổi Văn bản Mật cho Nhà nước theo VB 9032/VNPT-CN cho UBND, HDND, MTTQ",Đã mail cảnh báo lần 3 - 16/07/2026 10:14,,,,
09/07/2026 09:17,VNP-LD/00075196,mnk0013af,Metronet NT,Đoàn Hải Hà,Đã hoàn công,20/07/2026 08:19,"Dự Án kết nối Mạng TSLCD phục vụ trao đổi Văn bản Mật cho Nhà nước theo VB 9032/VNPT-CN cho UBND, HDND, MTTQ",Đã mail cảnh báo lần 3 - 16/07/2026 10:14,,,,
09/07/2026 09:17,VNP-LD/00075196,mnk0013ad,Metronet NT,Đoàn Hải Hà,Đã hoàn công,20/07/2026 08:19,"Dự Án kết nối Mạng TSLCD phục vụ trao đổi Văn bản Mật cho Nhà nước theo VB 9032/VNPT-CN cho UBND, HDND, MTTQ",Đã mail cảnh báo lần 3 - 16/07/2026 10:14,,,,
09/07/2026 09:17,VNP-LD/00075196,mnk0013a1,Metronet NT,Đoàn Hải Hà,Đang xử lý,,"Dự Án kết nối Mạng TSLCD phục vụ trao đổi Văn bản Mật cho Nhà nước theo VB 9032/VNPT-CN cho UBND, HDND, MTTQ",Đã mail cảnh báo lần 3 - 16/07/2026 10:14,,,,
09/07/2026 09:17,VNP-LD/00075196,mnk0013a0,Metronet NT,Đoàn Hải Hà,Đang xử lý,,"Dự Án kết nối Mạng TSLCD phục vụ trao đổi Văn bản Mật cho Nhà nước theo VB 9032/VNPT-CN cho UBND, HDND, MTTQ",Đã mail cảnh báo lần 3 - 16/07/2026 10:14,,,,
09/07/2026 09:17,VNP-LD/00075196,mnk00139z,Metronet NT,Đoàn Hải Hà,Đang xử lý,,"Dự Án kết nối Mạng TSLCD phục vụ trao đổi Văn bản Mật cho Nhà nước theo VB 9032/VNPT-CN cho UBND, HDND, MTTQ",Đã mail cảnh báo lần 3 - 16/07/2026 10:14,,,,
09/07/2026 09:17,VNP-LD/00075196,mnk00139w,Metronet NT,Đoàn Hải Hà,Đang xử lý,,"Dự Án kết nối Mạng TSLCD phục vụ trao đổi Văn bản Mật cho Nhà nước theo VB 9032/VNPT-CN cho UBND, HDND, MTTQ",Đã mail cảnh báo lần 3 - 16/07/2026 10:14,,,,
09/07/2026 09:20,51544,,Kênh Thuê Riêng,Nguyễn Duy Thành,Đã hoàn công,10/07/2026 08:53,đã báo các đơn vị,,,,,
09/07/2026 09:20,51543,,Kênh Thuê Riêng,Nguyễn Duy Thành,Đã hoàn công,10/07/2026 08:53,đã báo các đơn vị,,,,,
09/07/2026 09:20,51542,,Kênh Thuê Riêng,Nguyễn Duy Thành,Đã hoàn công,10/07/2026 08:53,đã báo các đơn vị,,,,,
09/07/2026 10:05,VNP-TD/00096529,MW000287469,Megawan NT,Nguyễn Duy Thành,Đã hoàn công,09/07/2026 14:24,đã báo các đơn vị,,,,,
09/07/2026 10:06,VNP-LD/00062769,mn001382982,Metronet NT,Đào Anh Vũ,Đã hoàn công,20/07/2026 10:31,Chuyển VTT thực hiện,Đã mail cảnh báo lần 3 - 16/07/2026 10:14,,,,
09/07/2026 10:07,VNP-LD/00075284,mnk0013je,Metronet NT,Nguyễn Duy Thành,Đã hoàn công,13/07/2026 07:12,đã báo các đơn vị,,,,,
09/07/2026 10:07,VNP-LD/00075286,mnk0013jo,Metronet NT,Nguyễn Duy Thành,Đã hoàn công,13/07/2026 07:13,đã báo các đơn vị,,,,,
09/07/2026 10:08,VNP-LD/00075283,fbr00hsr4,Fiber,Nguyễn Duy Thành,Đã hoàn công,13/07/2026 07:13,đã báo các đơn vị,,,,,
09/07/2026 10:31,VNP-LD/00075316,qtk0007oa,Kênh Thuê Riêng,Đào Anh Vũ,Đang xử lý,,"Kênh Cục BĐTƯ, VTT chờ BAN KHDN gửi công văn để cấp vật tư dây nhảy , sfp cấp cho khách hàng",Đã mail cảnh báo lần 3 - 16/07/2026 11:14,,,,
09/07/2026 10:31,VNP-LD/00075313,qtk0007o0,Kênh Thuê Riêng,Đào Anh Vũ,Đang xử lý,,"Kênh Cục BĐTƯ, VTT chờ BAN KHDN gửi công văn để cấp vật tư dây nhảy , sfp cấp cho khách hàng",Đã mail cảnh báo lần 3 - 16/07/2026 11:14,,,,
09/07/2026 10:31,VNP-LD/00075312,qtk0007nq,Kênh Thuê Riêng,Đào Anh Vũ,Đang xử lý,,"Kênh Cục BĐTƯ, VTT chờ BAN KHDN gửi công văn để cấp vật tư dây nhảy , sfp cấp cho khách hàng",Đã mail cảnh báo lần 3 - 16/07/2026 11:14,,,,
09/07/2026 10:33,VNP-LD/00075310,mnk0013l7,Metronet NT,Đoàn Hải Hà,Đang xử lý,,Khách hàng Công An Tỉnh chưa có thiết bị để nhận kênh,Đã mail cảnh báo lần 3 - 16/07/2026 11:14,,,,
09/07/2026 10:34,VNP-LD/00075315,fbr00hu99,Fiber,Đăng Văn Minh,Đang xử lý,,"Đã thi công xong cáp, bên thứ 3 XHH chưa cấu hình được, KTV đang phối hợp xử  lý",Đã mail cảnh báo lần 3 - 16/07/2026 11:14,,,,
09/07/2026 10:47,VNP-LD/00075319,qtk0007ol,Kênh Thuê Riêng,Đào Anh Vũ,Đang xử lý,,"Kênh Cục BĐTƯ, VTT chờ BAN KHDN gửi công văn để cấp vật tư dây nhảy , sfp cấp cho khách hàng",Đã mail cảnh báo lần 3 - 16/07/2026 11:14,,,,
09/07/2026 10:55,VNP-TD/00096525,MW001114157,Megawan NT,Đoàn Hải Hà,Đã hoàn công,15/07/2026 08:56,"Lỗi phiếu, về LCI không tác động được ",Đã mail cảnh báo lần 2 - 14/07/2026 11:14,,,,
09/07/2026 10:55,VNP-TD/00096523,MW000020409,Megawan NT,Nguyễn Duy Thành,Đã hoàn công,13/07/2026 09:12,đã báo các đơn vị,,,,,
09/07/2026 10:55,VNP-TD/00096535,MW000020421,Megawan NT,Nguyễn Duy Thành,Đã hoàn công,09/07/2026 14:19,đã báo các đơn vị,,,,,
09/07/2026 10:56,VNP-TD/00096522,MW001296790,Megawan NT,Đào Anh Vũ,Đã hoàn công,09/07/2026 16:04,Chuyển VTT thực hiện,,,,,
09/07/2026 10:56,VNP-TD/00096522,MW001296772,Megawan NT,Đào Anh Vũ,Đã hoàn công,09/07/2026 16:04,Chuyển VTT thực hiện,,,,,
09/07/2026 10:56,VNP-TD/00096522,MW001296809,Megawan NT,Đào Anh Vũ,Đã hoàn công,09/07/2026 16:04,Chuyển VTT thực hiện,,,,,
09/07/2026 10:56,VNP-TD/00096522,MW001296816,Megawan NT,Đào Anh Vũ,Đã hoàn công,09/07/2026 16:04,Chuyển VTT thực hiện,,,,,
09/07/2026 10:56,VNP-TD/00096526,MW001061507,Megawan NT,Đào Anh Vũ,Đã hoàn công,09/07/2026 16:05,Chuyển VTT thực hiện,,,,,
09/07/2026 10:56,VNP-TD/00096526,MW001009646,Megawan NT,Đào Anh Vũ,Đã hoàn công,09/07/2026 16:05,Chuyển VTT thực hiện,,,,,
09/07/2026 11:00,VNP-LD/00075322,hni0171000189909,MyTV,Đăng Văn Minh,Đã hoàn công,09/07/2026 14:32,Đã chuyển yêu cầu đến VTT,,,,,
09/07/2026 11:00,VNP-LD/00075322,hni0171000189912,MyTV,Đăng Văn Minh,Đã hoàn công,09/07/2026 14:32,Đã chuyển yêu cầu đến VTT,,,,,
09/07/2026 11:00,VNP-LD/00075322,hni0171000189910,MyTV,Đăng Văn Minh,Đã hoàn công,09/07/2026 14:32,Đã chuyển yêu cầu đến VTT,,,,,
09/07/2026 11:00,VNP-LD/00075322,hni0171000189897,MyTV,Đăng Văn Minh,Đã hoàn công,09/07/2026 14:32,Đã chuyển yêu cầu đến VTT,,,,,
09/07/2026 11:00,VNP-LD/00075322,hni0171000189906,MyTV,Đăng Văn Minh,Đã hoàn công,09/07/2026 14:32,Đã chuyển yêu cầu đến VTT,,,,,
09/07/2026 11:00,VNP-LD/00075322,hni0171000189905,MyTV,Đăng Văn Minh,Đã hoàn công,09/07/2026 14:32,Đã chuyển yêu cầu đến VTT,,,,,
09/07/2026 11:00,VNP-LD/00075322,hni0171000189904,MyTV,Đăng Văn Minh,Đã hoàn công,09/07/2026 14:32,Đã chuyển yêu cầu đến VTT,,,,,
09/07/2026 11:00,VNP-LD/00075322,hni0171000189903,MyTV,Đăng Văn Minh,Đã hoàn công,09/07/2026 14:32,Đã chuyển yêu cầu đến VTT,,,,,
09/07/2026 11:00,VNP-LD/00075322,hni0171000189902,MyTV,Đăng Văn Minh,Đã hoàn công,09/07/2026 14:32,Đã chuyển yêu cầu đến VTT,,,,,
09/07/2026 11:00,VNP-LD/00075322,hni0171000189901,MyTV,Đăng Văn Minh,Đã hoàn công,09/07/2026 14:32,Đã chuyển yêu cầu đến VTT,,,,,
09/07/2026 11:00,VNP-LD/00075322,hni0171000189899,MyTV,Đăng Văn Minh,Đã hoàn công,09/07/2026 14:32,Đã chuyển yêu cầu đến VTT,,,,,
09/07/2026 11:00,VNP-LD/00075322,hni0171000189898,MyTV,Đăng Văn Minh,Đã hoàn công,09/07/2026 14:32,Đã chuyển yêu cầu đến VTT,,,,,
09/07/2026 11:00,VNP-LD/00075322,hni0171000189882,MyTV,Đăng Văn Minh,Đã hoàn công,09/07/2026 14:32,Đã chuyển yêu cầu đến VTT,,,,,
09/07/2026 11:00,VNP-LD/00075322,hni0171000189896,MyTV,Đăng Văn Minh,Đã hoàn công,09/07/2026 14:32,Đã chuyển yêu cầu đến VTT,,,,,
09/07/2026 11:00,VNP-LD/00075322,hni0171000189895,MyTV,Đăng Văn Minh,Đã hoàn công,09/07/2026 14:32,Đã chuyển yêu cầu đến VTT,,,,,
09/07/2026 11:00,VNP-LD/00075322,hni0171000189894,MyTV,Đăng Văn Minh,Đã hoàn công,09/07/2026 14:32,Đã chuyển yêu cầu đến VTT,,,,,
09/07/2026 11:00,VNP-LD/00075322,hni0171000189892,MyTV,Đăng Văn Minh,Đã hoàn công,09/07/2026 14:32,Đã chuyển yêu cầu đến VTT,,,,,
09/07/2026 11:00,VNP-LD/00075322,hni0171000189891,MyTV,Đăng Văn Minh,Đã hoàn công,09/07/2026 14:32,Đã chuyển yêu cầu đến VTT,,,,,
09/07/2026 11:00,VNP-LD/00075322,hni0171000189889,MyTV,Đăng Văn Minh,Đã hoàn công,09/07/2026 14:32,Đã chuyển yêu cầu đến VTT,,,,,
09/07/2026 11:00,VNP-LD/00075322,hni0171000189887,MyTV,Đăng Văn Minh,Đã hoàn công,09/07/2026 14:32,Đã chuyển yêu cầu đến VTT,,,,,
09/07/2026 11:02,VNP-LD/00075326,qtk0007pg,Kênh Thuê Riêng,Đào Anh Vũ,Đang xử lý,,"Kênh Cục BĐTƯ, VTT chờ BAN KHDN gửi công văn để cấp vật tư dây nhảy , sfp cấp cho khách hàng",Đã mail cảnh báo lần 3 - 16/07/2026 11:14,,,,
09/07/2026 11:05,VNP-TD/00096527,MW001189019,Megawan NT,Đoàn Hải Hà,Đã hoàn công,20/07/2026 09:20,"Lỗi phiếu về CBG  sai kiểu lắp đặt, không tác động được, đang nhờ IT hỗ trợ",Đã mail cảnh báo lần 3 - 16/07/2026 11:14,,,,
09/07/2026 13:35,VNP-TD/00096538,MW000020410,Megawan NT,Nguyễn Duy Thành,Đã hoàn công,13/07/2026 09:04,đã báo các đơn vị,,,,,
09/07/2026 13:35,VNP-TD/00096538,MW000020412,Megawan NT,Nguyễn Duy Thành,Đã hoàn công,13/07/2026 09:03,đã báo các đơn vị,,,,,
09/07/2026 13:35,VNP-TD/00096538,MW000381911,Megawan NT,Nguyễn Duy Thành,Đã hoàn công,13/07/2026 09:03,đã báo các đơn vị,,,,,
09/07/2026 13:35,VNP-TD/00096538,MW000020316,Megawan NT,Nguyễn Duy Thành,Đã hoàn công,13/07/2026 09:03,đã báo các đơn vị,,,,,
09/07/2026 13:38,VNP-LD/00075338,vcm2cmm,Fiber,Đăng Văn Minh,Đã hoàn công,15/07/2026 13:50,Khách hàng_Khách hàng chưa xong hạ tầng_KTV báo đã liên hệ khách hàng Huân - 0967559456 khách báo điểm này chưa có tủ mạng nên chưa triển khai,Đã mail cảnh báo lần 2 - 14/07/2026 14:14,,,,
09/07/2026 13:38,VNP-LD/00075338,vcm2clo,Fiber,Đăng Văn Minh,Đã hoàn công,13/07/2026 14:00,Khách hàng_Khách hàng chưa xong hạ tầng_Thoái trả do: Khách hàng chưa xong hạ tầng kh hen  8/8 tnhận bàn giao - KTV  Nhận 0911423868,,,,,
09/07/2026 13:38,VNP-LD/00075334,vcm2cku,Fiber,Đăng Văn Minh,Đã hoàn công,10/07/2026 09:12,"Sai thông tin thuê bao_Sai địa chỉ lắp đặt_Sai địa chỉ, sai nhân viên quản lý địa bàn-địa chỉ đúng là Thôn 4 Thọ Sơn xã Thọ Bình, mã nhân viên quản lý là: CTV038430, đã báo Trường AS",,,,,
09/07/2026 13:38,VNP-LD/00075334,vcm2cmb,Fiber,Đăng Văn Minh,Đã hoàn công,14/07/2026 16:58,"Khách hàng_Khách hàng chưa xong hạ tầng_Cửa hàng đang sửa chữa, chưa có điện, tủ mạng khách báo khi nào triển khai sẽ báo lại sau",Đã mail cảnh báo lần 2 - 14/07/2026 14:14,,,,
09/07/2026 13:38,VNP-LD/00075334,vcm2cjb,Fiber,Đăng Văn Minh,Đã hoàn công,13/07/2026 13:52,Đã chuyển yêu cầu đến VTT,,,,,
09/07/2026 13:41,VNP-LD/00075329,mwk000sb0,Megawan NT,Đoàn Hải Hà,Đang xử lý,,Khách hàng chưa thống nhất phương án để nhận kênh,Đã mail cảnh báo lần 3 - 16/07/2026 14:14,,,,
09/07/2026 13:47,VNP-TD/00096541,MW000020408,Megawan NT,Vũ Thế Ninh,Đã hoàn công,13/07/2026 08:25,VNPT HDG thoái trả vì Mã kênh không có trong danh bạ,,,,,
09/07/2026 13:47,VNP-TD/00096545,MW000020037,Megawan NT,Vũ Thế Ninh,Đang xử lý,,lõi phiếu đang chờ IT xử lý,Đã mail cảnh báo lần 3 - 16/07/2026 14:14,,,,
09/07/2026 13:47,VNP-TD/00096545,MW000020123,Megawan NT,Vũ Thế Ninh,Đang xử lý,,lõi phiếu đang chờ IT xử lý,Đã mail cảnh báo lần 3 - 16/07/2026 14:14,,,,
09/07/2026 13:47,VNP-TD/00096549,MW000020373,Megawan NT,Vũ Thế Ninh,Đã hoàn công,13/07/2026 08:27,VNPT HDG thoái trả vì Mã kênh không có trong danh bạ,,,,,
09/07/2026 13:49,BGG-LD/00369848,mnk0013do,Metronet LT,Đào Anh Vũ,Đã hoàn công,15/07/2026 10:25,Chuyển SOC/ VTT thực hiện,Đã mail cảnh báo lần 2 - 14/07/2026 14:14,,,,
09/07/2026 13:51,VNP-DC/00015874,cmcghndt302vpc,Fiber,Đăng Văn Minh,Đã hoàn công,10/07/2026 08:59,Đã chuyển yêu cầu đến VTT,,,,,
09/07/2026 13:59,VNP-LD/00075341,vcm2ckd,Fiber,Lê Đức Vinh,Đã hoàn công,10/07/2026 15:35,Đã báo VTT,,,,,
09/07/2026 13:59,VNP-LD/00075341,vcm2cju,Fiber,Lê Đức Vinh,Đã hoàn công,09/07/2026 16:26,Khách hàng: Đang sửa nhà chưa thi công được ,,,,,
09/07/2026 14:17,VNP-LD/00075344,vcm2clu,Fiber,Lê Đức Vinh,Đã hoàn công,14/07/2026 07:59,VTT thoái trả nhà khách hàng chưa sửa xong,,,,,
09/07/2026 14:18,VNP-TD/00096620,MN001105419,Metronet NT,Đào Anh Vũ,Đã hoàn công,09/07/2026 16:07,Chuyển VTT thực hiện,,,,,
09/07/2026 14:18,VNP-TD/00096619,MN001105404,Metronet NT,Đào Anh Vũ,Đã hoàn công,09/07/2026 16:08,Chuyển VTT thực hiện,,,,,
09/07/2026 14:18,VNP-TD/00096618,005583880MEN,Metronet NT,Đào Anh Vũ,Đã hoàn công,09/07/2026 16:08,Chuyển VTT thực hiện,,,,,
09/07/2026 14:18,VNP-TD/00096617,MN001105386,Metronet NT,Đào Anh Vũ,Đã hoàn công,09/07/2026 16:08,Chuyển VTT thực hiện,,,,,
09/07/2026 14:18,VNP-TD/00096616,MN001105374,Metronet NT,Đào Anh Vũ,Đã hoàn công,09/07/2026 16:09,Chuyển VTT thực hiện,,,,,
09/07/2026 14:20,VNP-TD/00096622,MN001105452,Metronet NT,Đào Anh Vũ,Đã hoàn công,09/07/2026 16:09,Chuyển VTT thực hiện,,,,,
09/07/2026 14:20,VNP-TD/00096621,MN001105447,Metronet NT,Đào Anh Vũ,Đã hoàn công,09/07/2026 16:11,Chuyển VTT thực hiện,,,,,
09/07/2026 14:31,51549,,Internet trực tiếp,Lê Đức Vinh,Đã hoàn công,13/07/2026 08:47,Đã chuyển VTT,,,,,
09/07/2026 14:31,51548,,Internet trực tiếp,Lê Đức Vinh,Đã hoàn công,10/07/2026 16:55,Đã chuyển VTT,,,,,
09/07/2026 14:32,51550,,Internet trực tiếp,Lê Đức Vinh,Đã hoàn công,10/07/2026 08:19,Đã chuyển VTT,,,,,
09/07/2026 14:46,51554,,Internet trực tiếp,Nguyễn Duy Thành,Đã hoàn công,13/07/2026 07:09,đã báo các đơn vị,,,,,
09/07/2026 14:46,51552,,Internet trực tiếp,Nguyễn Duy Thành,Đã hoàn công,13/07/2026 07:09,đã báo các đơn vị,,,,,
09/07/2026 14:46,51551,,Internet trực tiếp,Nguyễn Duy Thành,Đã hoàn công,10/07/2026 08:17,đã báo các đơn vị,,,,,
09/07/2026 14:56,51558,,Internet trực tiếp,Nguyễn Duy Thành,Đã hoàn công,13/07/2026 07:09,đã báo các đơn vị,,,,,
09/07/2026 14:56,51557,,Internet trực tiếp,Nguyễn Duy Thành,Đã hoàn công,13/07/2026 07:09,đã báo các đơn vị,,,,,
09/07/2026 15:02,VNP-LD/00075355,cmcghnpckienhyn,Fiber,Đăng Văn Minh,Đã hoàn công,13/07/2026 08:24,Đã chuyển yêu cầu đến VTT,,,,,
09/07/2026 15:03,51559,,Internet trực tiếp,Đoàn Hải Hà,Đã hoàn công,10/07/2026 08:21,AN VNPT Sapa báo triển khai được,,,,,
09/07/2026 15:31,VNP-TD/00096623,LL000025275,Kênh Thuê Riêng,Đào Anh Vũ,Đã hoàn công,20/07/2026 10:31,Chuyển VTT thực hiện,Đã mail cảnh báo lần 3 - 16/07/2026 16:14,,,,
09/07/2026 15:31,VNP-TD/00096624,LL001041177,Kênh Thuê Riêng,Đào Anh Vũ,Đã hoàn công,20/07/2026 10:31,Chuyển VTT thực hiện,Đã mail cảnh báo lần 3 - 16/07/2026 16:14,,,,
09/07/2026 15:31,VNP-TD/00096625,LL001041171,Kênh Thuê Riêng,Đào Anh Vũ,Đã hoàn công,20/07/2026 10:31,Chuyển VTT thực hiện,Đã mail cảnh báo lần 3 - 16/07/2026 16:14,,,,
09/07/2026 15:54,51561,,Megawan NT,Lê Đức Vinh,Đã hoàn công,10/07/2026 09:58,Đã chuyển VTT,,,,,
09/07/2026 15:56,VNP-TL/00067001,MW000021654,Megawan NT,Lê Đức Vinh,Đã hoàn công,14/07/2026 07:58,Đã chuyển VTT,,,,,
09/07/2026 16:02,VNP-TD/00096626,CQ000023696,Kênh Thuê Riêng,Đào Anh Vũ,Đã hoàn công,20/07/2026 10:31,Chuyển VTT thực hiện,Đã mail cảnh báo lần 3 - 16/07/2026 16:14,,,,
09/07/2026 16:04,VNP-TL/00067002,MW000022004,Megawan NT,Lê Đức Vinh,Đã hoàn công,10/07/2026 11:14,Đã chuyển VTT,,,,,
09/07/2026 16:04,VNP-TL/00067003,MW000021496,Megawan NT,Đoàn Hải Hà,Đã hoàn công,14/07/2026 09:48,"Lỗi phiếu, về CBG kênh trắng",Đã mail cảnh báo lần 1 - 13/07/2026 16:14,,,,
09/07/2026 16:11,VNP-LD/00073956,vcm2cff,Fiber,Tạ Lê Hoa,Đã hoàn công,10/07/2026 13:46,Chuyển VTT thực hiện,,,,,
09/07/2026 16:25,51562,,Internet trực tiếp,Lê Đức Vinh,Đã hoàn công,13/07/2026 08:54,Đã chuyển VTT,,,,,
09/07/2026 16:26,51564,,Internet trực tiếp,Lê Đức Vinh,Đã hoàn công,13/07/2026 08:52,Đã chuyển VTT,,,,,
09/07/2026 16:29,51565,,Internet trực tiếp,Lê Đức Vinh,Đã hoàn công,14/07/2026 07:54,Đã chuyển VTT,,,,,
09/07/2026 16:37,VNP-TD/00096627,mnk000mhq,Metronet NT,Đào Anh Vũ,Đã hoàn công,10/07/2026 08:41,Chuyển VTT thực hiện,,,,,
10/07/2026 08:17,VNP-DC/00015879,MW000021811,Megawan NT,Vũ Thế Ninh,Đã hoàn công,17/07/2026 15:19,KH chưa xong hạ tầng,Đã mail cảnh báo lần 3 - 17/07/2026 09:14,,,,
10/07/2026 08:18,VNP-TL/00067005,MW000020034,Megawan NT,Đoàn Hải Hà,Đã hoàn công,14/07/2026 10:42,Báo VTT CBG thực hiện,Đã mail cảnh báo lần 1 - 14/07/2026 09:14,,,,
10/07/2026 08:21,VNP-DC/00015877,htctha01,Fiber,Đăng Văn Minh,Đã hoàn công,10/07/2026 11:16,Đã chuyển yêu cầu đến VTT,,,,,
10/07/2026 08:22,51574,,Fiber,Ngô Thị Minh Phương,Đã hoàn công,10/07/2026 15:10,Lh các đơn vị để thực hiện ,,,,,
10/07/2026 08:22,51572,,Fiber,Ngô Thị Minh Phương,Đã hoàn công,10/07/2026 16:42,Lh các đơn vị để thực hiện kt 0913941282+         0912395656,,,,,
10/07/2026 08:22,51570,,Fiber,Ngô Thị Minh Phương,Đã hoàn công,10/07/2026 16:28,Lh các đơn vị để thực hiện kt 949031666 + 0913510809 báo không có hạ tầng không đáp ứng,,,,,
10/07/2026 08:22,51569,,Fiber,Ngô Thị Minh Phương,Đã hoàn công,10/07/2026 16:42,Lh các đơn vị để thực hiện kt 949031666 + 0913510809,,,,,
10/07/2026 08:22,51568,,Fiber,Ngô Thị Minh Phương,Đã hoàn công,10/07/2026 16:42,Lh các đơn vị để thực hiện kt 0912660766,,,,,
10/07/2026 08:22,51567,,Fiber,Ngô Thị Minh Phương,Đã hoàn công,10/07/2026 16:42,kt 	0913538060 báo có đáp ứng không ps,0913538060 báo có đáp ứng không ps,,,,
10/07/2026 08:22,51566,,Fiber,Ngô Thị Minh Phương,Đã hoàn công,10/07/2026 16:42,kt 0918961763 báo có đáp ứng không ps,,,,,
10/07/2026 09:22,371ml1906,,Fiber,Đăng Văn Minh,Đã hoàn công,13/07/2026 14:05,Khách hàng_Khách hàng chưa xong hạ tầng_Thoái trả phiếu do KH hẹn hết tháng mới chuyển,,,,,
10/07/2026 09:24,VNP-LD/00075376,fbr00hw63,Fiber,Lý Bích Hằng,Đã hoàn công,14/07/2026 14:27,Đã báo đơn vị thi công,Đã mail cảnh báo lần 1 - 14/07/2026 10:14,,,,
10/07/2026 09:25,VNP-LD/00075378,fbr00hw6k,Fiber,Ngô Thị Minh Phương,Đã hoàn công,13/07/2026 09:00,Lh các đơn vị để thực hiện kt 0916888537 +	0911130668	,,,,,
10/07/2026 09:25,VNP-LD/00075380,fbr00hw7j,Fiber,Ngô Thị Minh Phương,Đã hoàn công,10/07/2026 16:43,Lh các đơn vị để thực hiện LH 0912455288	,,,,,
10/07/2026 09:41,VNP-LD/00075363,mnk0013nd,Metronet NT,Nguyễn Duy Thành,Đã hoàn công,13/07/2026 10:52,đã báo các đơn vị,,,,,
10/07/2026 09:42,VNP-DC/00015885,MW000009734,Megawan LT,Đoàn Hải Hà,Đã hoàn công,10/07/2026 10:26,Báo SOC/VTT dịch chuyển,,,,,
10/07/2026 09:43,VNP-DC/00015880,MW000011431,Megawan LT,Đoàn Hải Hà,Đã hoàn công,13/07/2026 09:12,"Đã dịch chuyển xong cho khách hàng, phiếu lỗi chưa hoàn công được",,,,,
10/07/2026 09:44,VNP-LD/00075366,mwk000sca,Megawan LT,Nguyễn Duy Thành,Đã hoàn công,10/07/2026 10:00,"Lỗi phiếu_Không có kênh kết nối tới, ko có ip. NET trả phiếu thi công",,,,,
10/07/2026 09:58,51575,,Internet trực tiếp,Nguyễn Duy Thành,Đã hoàn công,13/07/2026 09:39,đã báo các đơn vị,,,,,
10/07/2026 10:07,VNP-DC/00015876,MN001212843,Metronet NT,Đào Anh Vũ,Đã hoàn công,20/07/2026 10:32,"Sai số liên hệ, nhập lại phiếu",Đã mail cảnh báo lần 3 - 17/07/2026 10:14,,,,
10/07/2026 10:39,VNP-TD/00096631,MW000009734,Megawan LT,Đoàn Hải Hà,Đã hoàn công,13/07/2026 08:14,Báo SOC/VTT thực hiện,,,,,
10/07/2026 10:44,VNP-LD/00075397,qtk0007rf,Kênh Thuê Riêng,Đào Anh Vũ,Đã hoàn công,20/07/2026 10:32,"Kênh Cục BĐTƯ, VTT chờ BAN KHDN gửi công văn để cấp vật tư dây nhảy , sfp cấp cho khách hàng",Đã mail cảnh báo lần 3 - 17/07/2026 11:14,,,,
10/07/2026 10:45,VNP-LD/00075396,qtk0007qy,Kênh Thuê Riêng,Lê Đức Vinh,Đã hoàn công,17/07/2026 11:55,TT hạ tầng đang kéo cáp thi công ,Đã mail cảnh báo lần 3 - 17/07/2026 11:14,,,,
10/07/2026 10:49,VNP-LD/00075402,fbr00hxqx,Fiber,Ngô Thị Minh Phương,Đã hoàn công,10/07/2026 15:08,Lh các đơn vị để thực hiện ,,,,,
10/07/2026 10:50,51577,,Fiber,Đăng Văn Minh,Đã hoàn công,13/07/2026 11:33,Đã chuyển yêu cầu đến VTT,,,,,
10/07/2026 10:51,VNP-DC/00015890,TNN1443,Metronet NT,Vũ Thế Ninh,Đang xử lý,,KH chưa xong hạ tầng,Đã mail cảnh báo lần 3 - 17/07/2026 11:14,,,,
10/07/2026 10:52,HDG-DV/00111454,002531797MEN,Megawan LT,Vũ Thế Ninh,Đã hoàn công,14/07/2026 08:46,Đã báo đơn vị thi công,,,,,
10/07/2026 10:52,VNP-DC/00015889,MW000018377,Megawan NT,Vũ Thế Ninh,Đã hoàn công,15/07/2026 10:25,lõi phiếu đang chờ IT xử lý,Đã mail cảnh báo lần 1 - 14/07/2026 11:14,,,,
10/07/2026 10:54,VNP-LD/00075403,qtk0007rx,Kênh Thuê Riêng,Nguyễn Duy Thành,Đã hoàn công,14/07/2026 09:12,đã báo các đơn vị,,,,,
10/07/2026 10:55,VNP-LD/00075405,fbr00hxt9,Fiber,Ngô Thị Minh Phương,Đã hoàn công,10/07/2026 15:09,Lh các đơn vị để thực hiện ,,,,,
10/07/2026 13:41,VNP-DC/00015894,MW000009734,Megawan LT,Đoàn Hải Hà,Đã hoàn công,13/07/2026 08:13,Báo SOC/VTT dịch chuyển,,,,,
10/07/2026 13:45,VNP-LD/00075420,cmcghn19txahni,Fiber,Ngô Thị Minh Phương,Đã hoàn công,13/07/2026 09:00,Lh các đơn vị để thực hiện kt 0912660766  +  0913288198,,,,,
10/07/2026 13:45,VNP-LD/00075419,cmcghnuynohni,Fiber,Ngô Thị Minh Phương,Đã hoàn công,13/07/2026 11:31, sai địa bàn tổ trả phiếu  kt 0949908889 +         0913538060,,,,,
10/07/2026 13:45,VNP-LD/00075416,cmcghntvbqnh,Fiber,Ngô Thị Minh Phương,Đã hoàn công,13/07/2026 09:00,Lh các đơn vị để thực hiện kt 0918961763 + 0914664288,,,,,
10/07/2026 14:22,VNP-TL/00067010,gprongviet2019hh,Fiber,Ngô Thị Minh Phương,Đã hoàn công,13/07/2026 09:01,Lh các đơn vị để thực hiện kt 0915595593 + 	0919232698,,,,,
10/07/2026 14:24,VNP-LD/00075401,mnk0013oe,Metronet NT,Đào Anh Vũ,Đã hoàn công,13/07/2026 11:03,,,,,,
10/07/2026 14:24,VNP-LD/00075404,mnk0013oo,Metronet NT,Đào Anh Vũ,Đã hoàn công,13/07/2026 11:03,,,,,,
10/07/2026 14:24,VNP-LD/00075422,mnk0013pv,Metronet NT,Đào Anh Vũ,Đã hoàn công,14/07/2026 16:23,Chuyển SOC/ VTT thực hiện,Đã mail cảnh báo lần 1 - 14/07/2026 15:14,,,,
10/07/2026 14:26,51580,,Kênh Thuê Riêng,Vũ Thế Ninh,Đã hoàn công,10/07/2026 15:00,Đã báo đơn vị thi công,,,,,
10/07/2026 14:26,51579,,Kênh Thuê Riêng,Vũ Thế Ninh,Đã hoàn công,10/07/2026 15:00,Đã báo đơn vị thi công,,,,,
10/07/2026 14:27,VNP-LD/00075418,qtk0007v9,Kênh Thuê Riêng,Nguyễn Duy Thành,Đã hoàn công,14/07/2026 07:26,đã báo các đơn vị,,,,,
10/07/2026 14:27,VNP-LD/00075410,qtk0007sa,Kênh Thuê Riêng,Nguyễn Duy Thành,Đã hoàn công,15/07/2026 07:04,đã báo các đơn vị,Đã mail cảnh báo lần 1 - 14/07/2026 15:14,,,,
10/07/2026 14:29,VNP-TD/00096632,dia000rd4,Internet trực tiếp,Đào Anh Vũ,Đã hoàn công,13/07/2026 11:04,,,,,,
10/07/2026 14:30,V06/TD/260710/00101,DI001027700,Internet trực tiếp,Vũ Thế Ninh,Đã hoàn công,13/07/2026 08:29,SOC trả phiếu,,,,,
10/07/2026 14:30,VNP-TD/00096633,DI001013269,Internet trực tiếp,Vũ Thế Ninh,Đã hoàn công,14/07/2026 08:46,Đã báo đơn vị thi công,,,,,
10/07/2026 14:32,VNP-DC/00015891,MW000021820,Megawan NT,Vũ Thế Ninh,Đã hoàn công,20/07/2026 08:09,KH chưa xong hạ tầng,Đã mail cảnh báo lần 3 - 17/07/2026 15:14,,,,
10/07/2026 14:32,VNP-DC/00015893,MW000021348,Megawan NT,Vũ Thế Ninh,Đã hoàn công,16/07/2026 07:54,KH chưa xong hạ tầng,Đã mail cảnh báo lần 2 - 15/07/2026 15:14,,,,
10/07/2026 14:37,VNP-LD/00075366,mwk000sca,Megawan NT,Nguyễn Duy Thành,Đã hoàn công,13/07/2026 10:52,đã báo các đơn vị,,,,,
10/07/2026 14:37,VNP-LD/00075428,mwk000sgx,Megawan LT,Nguyễn Duy Thành,Đã hoàn công,13/07/2026 07:18,Trả phiếu do nhập sai thông tin,,,,,
10/07/2026 15:49,HPG-DC/00580311,TSL002531,Metronet LT,Vũ Thế Ninh,Đã hoàn công,13/07/2026 08:30,,,,,,
10/07/2026 15:50,VNP-LD/00075431,mnk0013rk,Metronet NT,Vũ Thế Ninh,Đang xử lý,,KH chưa xong hạ tầng,Đã mail cảnh báo lần 3 - 17/07/2026 16:14,,,,
10/07/2026 15:52,VNP-LD/00075435,mnk0013s5,Metronet NT,Vũ Thế Ninh,Đang xử lý,,KH chưa xong hạ tầng,Đã mail cảnh báo lần 3 - 17/07/2026 16:14,,,,
10/07/2026 15:53,VNP-DC/00015898,MN001383327,Metronet NT,Đoàn Hải Hà,Đã hoàn công,13/07/2026 08:12,,,,,,
10/07/2026 15:54,HNM-TD/00186597,DI001012542,Internet trực tiếp,Đoàn Hải Hà,Đã hoàn công,10/07/2026 17:09,,,,,,
13/07/2026 08:18,V06/TD/260710/00175,DI001027700,Internet trực tiếp,Vũ Thế Ninh,Đã hoàn công,14/07/2026 09:06,Đã báo đơn vị thi công,,,,,
13/07/2026 08:20,HCM-TD/00933579,DI001067718,Internet trực tiếp,Nguyễn Duy Thành,Đã hoàn công,13/07/2026 14:09,đã báo các đơn vị,,,,,
13/07/2026 08:22,VNP-LD/00075444,mnk0013tm,Metronet NT,Vũ Thế Ninh,Đã hoàn công,13/07/2026 08:42,,,,,,
13/07/2026 08:22,VNP-LD/00075444,mnk0013tq,Metronet NT,Vũ Thế Ninh,Đã hoàn công,13/07/2026 08:42,,,,,,
13/07/2026 08:22,VNP-LD/00075444,mnk0013tp,Metronet NT,Vũ Thế Ninh,Đã hoàn công,20/07/2026 08:09,lỗi phiếu đang chờ IT hỗ trợ hoàn ôcng,Đã mail cảnh báo lần 2 - 16/07/2026 09:14,,,,
13/07/2026 08:22,VNP-LD/00075444,mnk0013to,Metronet NT,Vũ Thế Ninh,Đã hoàn công,20/07/2026 08:09,lỗi phiếu đang chờ IT hỗ trợ hoàn ôcng,Đã mail cảnh báo lần 2 - 16/07/2026 09:14,,,,
13/07/2026 08:27,51604,,Metronet NT,Lê Đức Vinh,Đã hoàn công,17/07/2026 10:05,Đã chuyển VTT,Đã mail cảnh báo lần 2 - 16/07/2026 09:14,,,,
13/07/2026 08:27,51600,,Metronet NT,Lê Đức Vinh,Đã hoàn công,13/07/2026 15:57,Đã chuyển VTT,,,,,
13/07/2026 08:27,51599,,Metronet NT,Lê Đức Vinh,Đã hoàn công,17/07/2026 10:05,Đã chuyển VTT,Đã mail cảnh báo lần 2 - 16/07/2026 09:14,,,,
13/07/2026 08:28,BGG-LD/00371120,mnk0013up,Metronet LT,Đào Anh Vũ,Đã hoàn công,15/07/2026 10:25,Chuyển SOC/ VTT thực hiện,Đã mail cảnh báo lần 1 - 15/07/2026 09:14,,,,
13/07/2026 08:28,VNP-LD/00075040,mnk0012r6,Metronet LT,Đào Anh Vũ,Đang xử lý,,"Chuyển SOC/VTT thực hiện , Chờ đầu xa thi công",Đã mail cảnh báo lần 3 - 20/07/2026 09:14,,,,
13/07/2026 08:29,VNP-LD/00075027,mnk0012ot,Metronet LT,Đào Anh Vũ,Đang xử lý,,"Chuyển SOC/VTT thực hiện , Chờ đầu xa thi công",Đã mail cảnh báo lần 3 - 20/07/2026 09:14,,,,
13/07/2026 08:31,HPG-LD/01417174,mwk000sid,Megawan LT,Vũ Thế Ninh,Đã hoàn công,15/07/2026 10:27,KH chưa xong hạ tầng,Đã mail cảnh báo lần 1 - 15/07/2026 09:14,,,,
13/07/2026 08:32,VNP-DC/00015899,MW000021498,Megawan NT,Đoàn Hải Hà,Đang xử lý,,"Lỗi phiếu về CBG kênh trắng, đã nhờ IT giao nhưng chưa được",Đã mail cảnh báo lần 3 - 20/07/2026 09:14,,,,
13/07/2026 08:34,VNP-LD/00075455,mwk000sio,Megawan NT,Đoàn Hải Hà,Đã hoàn công,14/07/2026 09:51,"Sai địa chỉ, dịa chỉ đúng Số 32 Ngõ Thống Nhất, Thôn Đông, Xã Phú Minh cũ (xã Nội Bài mới)",,,,,
13/07/2026 08:34,VNP-LD/00075449,mwk000sic,Megawan NT,Đoàn Hải Hà,Đã hoàn công,20/07/2026 08:06,"Thông tin sai khách hàng, đã báo lại AS check lại",Đã mail cảnh báo lần 2 - 16/07/2026 09:14,,,,
13/07/2026 08:34,VNP-LD/00075446,mwk000si2,Megawan NT,Đoàn Hải Hà,Đang xử lý,,Báo HNI triển khai cho khách hàng,Đã mail cảnh báo lần 3 - 20/07/2026 09:14,,,,
13/07/2026 08:34,VNP-LD/00075443,mwk000shs,Megawan NT,Đoàn Hải Hà,Đang xử lý,,Báo HNI triển khai cho khách hàng,Đã mail cảnh báo lần 3 - 20/07/2026 09:14,,,,
13/07/2026 08:34,VNP-LD/00075442,mwk000shi,Megawan NT,Đoàn Hải Hà,Đang xử lý,,Báo HNI triển khai cho khách hàng,Đã mail cảnh báo lần 3 - 20/07/2026 09:14,,,,
13/07/2026 08:35,51593,,Megawan NT,Lê Đức Vinh,Đã hoàn công,13/07/2026 11:00,Đã chuyển VTT,,,,,
13/07/2026 08:35,51592,,Megawan NT,Lê Đức Vinh,Đã hoàn công,14/07/2026 15:06,Đã chuyển VTT,,,,,
13/07/2026 08:35,51591,,Megawan NT,Lê Đức Vinh,Đã hoàn công,16/07/2026 07:55,Đã chuyển VTT,Đã mail cảnh báo lần 1 - 15/07/2026 09:14,,,,
13/07/2026 08:35,51589,,Megawan NT,Lê Đức Vinh,Đã hoàn công,16/07/2026 07:55,Đã chuyển VTT,Đã mail cảnh báo lần 1 - 15/07/2026 09:14,,,,
13/07/2026 08:35,51588,,Megawan NT,Lê Đức Vinh,Đã hoàn công,16/07/2026 07:56,Đã chuyển VTT,Đã mail cảnh báo lần 1 - 15/07/2026 09:14,,,,
13/07/2026 08:35,51587,,Megawan NT,Lê Đức Vinh,Đã hoàn công,14/07/2026 08:33,Đã chuyển VTT,,,,,
13/07/2026 08:35,51585,,Megawan NT,Lê Đức Vinh,Đã hoàn công,13/07/2026 11:20,Đã chuyển VTT,,,,,
13/07/2026 08:35,51584,,Megawan NT,Lê Đức Vinh,Đã hoàn công,13/07/2026 11:20,Đã chuyển VTT,,,,,
13/07/2026 08:35,51583,,Megawan NT,Lê Đức Vinh,Đã hoàn công,14/07/2026 13:43,Đã chuyển VTT,,,,,
13/07/2026 08:35,51582,,Megawan NT,Lê Đức Vinh,Đã hoàn công,14/07/2026 08:30,Đã chuyển VTT,,,,,
13/07/2026 08:36,51598,,Megawan NT,Nguyễn Duy Thành,Đã hoàn công,17/07/2026 09:10,"Khảo sát các kênh truyền cho dự án mới của VMS, yêu cầu phương án triển khai phức tạp",Đã mail cảnh báo lần 2 - 16/07/2026 09:14,,,,
13/07/2026 08:43,VNP-TL/00067066,sdw64,Fiber,Đăng Văn Minh,Đã hoàn công,13/07/2026 10:09,Đã chuyển yêu cầu đến VTT,,,,,
13/07/2026 08:43,VNP-TL/00067065,sd269ct,Fiber,Đăng Văn Minh,Đã hoàn công,13/07/2026 10:09,Đã chuyển yêu cầu đến VTT,,,,,
13/07/2026 08:43,VNP-TL/00067064,techhni09,Fiber,Đăng Văn Minh,Đã hoàn công,14/07/2026 08:22,Đã chuyển yêu cầu đến VTT,,,,,
13/07/2026 08:43,VNP-TL/00067063,tcbsd135ts,Fiber,Đăng Văn Minh,Đã hoàn công,13/07/2026 10:10,Đã chuyển yêu cầu đến VTT,,,,,
13/07/2026 08:43,VNP-TL/00067062,tcbsd384htm,Fiber,Đăng Văn Minh,Đã hoàn công,14/07/2026 09:44,Đã chuyển yêu cầu đến VTT,,,,,
13/07/2026 08:43,VNP-TL/00067061,tcbsd285dc,Fiber,Đăng Văn Minh,Đã hoàn công,14/07/2026 09:44,Đã chuyển yêu cầu đến VTT,,,,,
13/07/2026 08:43,VNP-TL/00067060,tcbsd37dt,Fiber,Đăng Văn Minh,Đã hoàn công,14/07/2026 09:44,Đã chuyển yêu cầu đến VTT,,,,,
13/07/2026 08:43,VNP-TL/00067059,techhni10,Fiber,Đăng Văn Minh,Đã hoàn công,14/07/2026 09:44,Đã chuyển yêu cầu đến VTT,,,,,
13/07/2026 08:43,VNP-TL/00067058,sd120pg,Fiber,Đăng Văn Minh,Đã hoàn công,13/07/2026 10:11,Đã chuyển yêu cầu đến VTT,,,,,
13/07/2026 08:43,VNP-TL/00067057,sd57pct,Fiber,Đăng Văn Minh,Đã hoàn công,13/07/2026 10:11,Đã chuyển yêu cầu đến VTT,,,,,
13/07/2026 08:43,VNP-TL/00067056,techhni08,Fiber,Đăng Văn Minh,Đã hoàn công,13/07/2026 10:11,Đã chuyển yêu cầu đến VTT,,,,,
13/07/2026 08:43,VNP-TL/00067055,sd2pl,Fiber,Đăng Văn Minh,Đã hoàn công,13/07/2026 10:11,Đã chuyển yêu cầu đến VTT,,,,,
13/07/2026 08:43,VNP-TL/00067053,tcbsd8cb,Fiber,Đăng Văn Minh,Đã hoàn công,14/07/2026 09:45,Đã chuyển yêu cầu đến VTT,,,,,
13/07/2026 08:43,VNP-TL/00067052,sdw50,Fiber,Đăng Văn Minh,Đã hoàn công,13/07/2026 10:12,Đã chuyển yêu cầu đến VTT,,,,,
13/07/2026 08:43,VNP-TL/00067051,sd8nh,Fiber,Đăng Văn Minh,Đã hoàn công,13/07/2026 10:12,Đã chuyển yêu cầu đến VTT,,,,,
13/07/2026 08:43,VNP-TL/00067050,tcbsd86ngt,Fiber,Đăng Văn Minh,Đã hoàn công,14/07/2026 09:45,Đã chuyển yêu cầu đến VTT,,,,,
13/07/2026 08:44,VNP-TL/00067068,sd594nvl,Fiber,Ngô Thị Minh Phương,Đã hoàn công,13/07/2026 11:32,Lh các đơn vị để thực hiện ,,,,,
13/07/2026 08:44,VNP-TL/00067049,techhpg02,Fiber,Ngô Thị Minh Phương,Đã hoàn công,13/07/2026 11:32,Lh các đơn vị để thực hiện ,,,,,
13/07/2026 08:44,VNP-TL/00067046,sdtk4,Fiber,Ngô Thị Minh Phương,Đã hoàn công,13/07/2026 11:32,Lh các đơn vị để thực hiện ,,,,,
13/07/2026 08:44,VNP-TL/00067043,techbnh01,Fiber,Ngô Thị Minh Phương,Đã hoàn công,14/07/2026 08:13,Lh các đơn vị để thực hiện kt  0912905454 + 0915323888,,,,,
13/07/2026 08:44,VNP-TL/00067033,tcbsd94k1,Fiber,Ngô Thị Minh Phương,Đã hoàn công,17/07/2026 10:54,"Lh các đơn vị để thực hiện kt 0914777677 + 0912298379 báo hôm nay đã  thanh lý chưa hoàn công trên one , chiều sẽ hoàn công trên one ",Đã mail cảnh báo lần 2 - 16/07/2026 09:14,,,,
13/07/2026 08:45,51595,,Fiber,Lê Đức Vinh,Đã hoàn công,14/07/2026 14:33,Đã chuyển VTT,,,,,
13/07/2026 08:49,VNP-LD/00075467,fbr00i463,Fiber,Lương Tuấn Thanh,Đã hoàn công,16/07/2026 10:33,,Đã mail cảnh báo lần 2 - 16/07/2026 09:14,,,,
13/07/2026 08:50,VNP-LD/00075408,fbr00hxw9,Fiber,Lý Bích Hằng,Đã hoàn công,14/07/2026 14:27,,,,,,
13/07/2026 08:51,VNP-LD/00075414,fbr00hxzh,Fiber,Tạ Lê Hoa,Đã hoàn công,14/07/2026 15:53,Lh các đơn vị để thực hiện ,,,,,
13/07/2026 08:52,VNP-TL/00067083,fbr00hr1k,Fiber,Ngô Thị Minh Phương,Đã hoàn công,13/07/2026 15:14,Lh các đơn vị để thực hiện ,,,,,
13/07/2026 08:53,VNP-DC/00015900,hay2807,Fiber,Ngô Thị Minh Phương,Đã hoàn công,14/07/2026 08:13,Lh các đơn vị để thực hiện kt 0913031446 + 0912105799,,,,,
13/07/2026 08:54,51594,,Kênh Thuê Riêng,Nguyễn Duy Thành,Đã hoàn công,17/07/2026 09:48,"Khảo sát các kênh truyền cho dự án mới của VMS, yêu cầu phương án triển khai phức tạp",Đã mail cảnh báo lần 2 - 16/07/2026 09:14,,,,
13/07/2026 08:54,51586,,Kênh Thuê Riêng,Nguyễn Duy Thành,Đã hoàn công,17/07/2026 09:10,"Khảo sát các kênh truyền cho dự án mới của VMS, yêu cầu phương án triển khai phức tạp",Đã mail cảnh báo lần 2 - 16/07/2026 09:14,,,,
13/07/2026 08:56,VNP-TL/00067082,dia000s7h,Internet trực tiếp,Đào Anh Vũ,Đã hoàn công,14/07/2026 16:23,VNP-TL/00067082,,,,,
13/07/2026 09:12,VNP-TL/00067085,MW000010862,Megawan NT,Vũ Thế Ninh,Đã hoàn công,15/07/2026 10:27,Đã báo đơn vị thi công,Đã mail cảnh báo lần 1 - 15/07/2026 09:14,,,,
13/07/2026 09:18,VNP-TD/00096636,MW000401530,Megawan LT,Vũ Thế Ninh,Đã hoàn công,14/07/2026 08:49,Đã báo đơn vị thi công,,,,,
13/07/2026 09:38,V06/DV/260713/00042,DI001043722,Internet trực tiếp,Nguyễn Duy Thành,Đã hoàn công,13/07/2026 14:13,đã báo các đơn vị,,,,,
13/07/2026 10:03,VNP-LD/00075477,fbr00i5ue,Fiber,Ngô Thị Minh Phương,Đã hoàn công,14/07/2026 15:30,Lh các đơn vị để thực hiện 	0913589912 + 0833695555,,,,,
13/07/2026 10:28,51610,,Metronet NT,Nguyễn Duy Thành,Đã hoàn công,17/07/2026 09:11,"Khảo sát các kênh truyền cho dự án mới của VMS, yêu cầu phương án triển khai phức tạp",Đã mail cảnh báo lần 2 - 16/07/2026 11:14,,,,
13/07/2026 10:28,51609,,Metronet NT,Nguyễn Duy Thành,Đã hoàn công,13/07/2026 11:08,,,,,,
13/07/2026 10:34,51611,,Metronet NT,Nguyễn Duy Thành,Đã hoàn công,15/07/2026 08:19,"Khảo sát các kênh truyền cho dự án mới của VMS, yêu cầu phương án triển khai phức tạp",,,,,
13/07/2026 10:34,VNP-LD/00075485,mnk0013wm,Metronet NT,Đào Anh Vũ,Đang xử lý,,"Kenh BCA, Chuyển VTT thực hiện",Đã mail cảnh báo lần 3 - 20/07/2026 11:14,,,,
13/07/2026 10:40,VNP-LD/00075478,mnk0013vw,Metronet LT,Đào Anh Vũ,Đang xử lý,,Chuyển SOC/ VTT thực hiện - kênh chia Vlan cho kahcsh hàng phối hợp,Đã mail cảnh báo lần 3 - 20/07/2026 11:14,,,,
13/07/2026 10:42,VNP-LD/00075488,mnk0013xa,Metronet NT,Đào Anh Vũ,Đang xử lý,,"Kenh BCA, Chuyển VTT thực hiện",Đã mail cảnh báo lần 3 - 20/07/2026 11:14,,,,
13/07/2026 10:57,BNH-LD/00931308,dia000skz,Internet trực tiếp,Đào Anh Vũ,Đã hoàn công,15/07/2026 10:25,Chuyển SOC/ VTT thực hiện,,,,,
13/07/2026 11:08,VNP-LD/00075490,fbr00i6fy,Fiber,Tạ Lê Hoa,Đã hoàn công,16/07/2026 13:48,15/7 gọi '0912100469 Lê Đức Hữu đã liên hệ lắp cho KH nhưng 2 ngày trước KH bị mất điện chiều nay hoặc sáng mai mới lắp dc,Đã mail cảnh báo lần 2 - 16/07/2026 11:14,,,,
13/07/2026 11:09,VNP-LD/00075491,fbr00i6hm,Fiber,Lý Bích Hằng,Đã hoàn công,14/07/2026 14:26,,,,,,
13/07/2026 11:10,VNP-LD/00075489,fbr00i682,Fiber,Lương Tuấn Thanh,Đã hoàn công,16/07/2026 10:33,,Đã mail cảnh báo lần 1 - 15/07/2026 11:14,,,,
13/07/2026 11:11,VNP-TD/00096645,ttth_vincom.tdh_l1k5,Fiber,Ngô Thị Minh Phương,Đã hoàn công,13/07/2026 15:14,Lh các đơn vị để thực hiện ,,,,,
13/07/2026 11:11,VNP-TD/00096646,dyson_vinbatrieu.hni,Fiber,Ngô Thị Minh Phương,Đã hoàn công,13/07/2026 15:14,Lh các đơn vị để thực hiện ,,,,,
13/07/2026 11:11,VNP-TD/00096647,ttth_pnthni,Fiber,Ngô Thị Minh Phương,Đã hoàn công,13/07/2026 15:15,Lh các đơn vị để thực hiện ,,,,,
13/07/2026 11:12,VNP-TD/00096648,dyson_54lieugiai.hni,Fiber,Ngô Thị Minh Phương,Đã hoàn công,13/07/2026 15:15,Lh các đơn vị để thực hiện ,,,,,
13/07/2026 11:14,VNP-LD/00075492,mwk000slo,Megawan NT,Vũ Thế Ninh,Đã hoàn công,14/07/2026 08:49,Đã báo đơn vị thi công,,,,,
13/07/2026 11:17,VNP-LD/00075493,fbr00i6jv,Fiber,Đăng Văn Minh,Đã hoàn công,15/07/2026 08:23,Đã chuyển yêu cầu đến VTT,,,,,
13/07/2026 13:56,V06/DC/260713/00069,MW001148329,Megawan LT,Đào Anh Vũ,Đang xử lý,,Chuyển SOC/ VTT thực hiện - dịch chuyển kênh của VTI,Đã mail cảnh báo lần 3 - 20/07/2026 14:14,,,,
13/07/2026 13:59,VNP-TD/00096656,MW000020469,Megawan NT,Đoàn Hải Hà,Đang xử lý,,Lỗi phiếu về LCI kênh trắng đã báo VNPT LCI map và giao thi công,Đã mail cảnh báo lần 3 - 20/07/2026 14:14,,,,
13/07/2026 13:59,VNP-TD/00096657,MW000020470,Megawan NT,Đoàn Hải Hà,Đang xử lý,,Lỗi phiếu về LCI kênh trắng đã báo VNPT LCI map và giao thi công,Đã mail cảnh báo lần 3 - 20/07/2026 14:14,,,,
13/07/2026 13:59,VNP-TD/00096658,MW000020471,Megawan NT,Đoàn Hải Hà,Đã hoàn công,14/07/2026 09:36,Báo VTT LCI thực hiện,,,,,
13/07/2026 13:59,VNP-TD/00096659,MW000019957,Megawan NT,Đoàn Hải Hà,Đã hoàn công,14/07/2026 09:40,Báo VTT LCI thực hiện,,,,,
13/07/2026 13:59,VNP-TD/00096660,MW000019959,Megawan NT,Đoàn Hải Hà,Đang xử lý,,Lỗi phiếu về LCI kênh trắng đã báo VNPT LCI map và giao thi công,Đã mail cảnh báo lần 3 - 20/07/2026 14:14,,,,
13/07/2026 13:59,VNP-TD/00096661,MW000020079,Megawan NT,Đoàn Hải Hà,Đang xử lý,,Lỗi phiếu về LCI kênh trắng đã báo VNPT LCI map và giao thi công,Đã mail cảnh báo lần 3 - 20/07/2026 14:14,,,,
13/07/2026 13:59,VNP-TD/00096649,MW000013819,Megawan NT,Đoàn Hải Hà,Đang xử lý,,Lỗi phiếu về LCI kênh trắng đã báo VNPT LCI map và giao thi công,Đã mail cảnh báo lần 3 - 20/07/2026 14:14,,,,
13/07/2026 13:59,VNP-TD/00096650,MW000013814,Megawan NT,Đoàn Hải Hà,Đang xử lý,,Lỗi phiếu về LCI kênh trắng đã báo VNPT LCI map và giao thi công,Đã mail cảnh báo lần 3 - 20/07/2026 14:14,,,,
13/07/2026 13:59,VNP-TD/00096651,MW000013817,Megawan NT,Đoàn Hải Hà,Đang xử lý,,Lỗi phiếu về LCI kênh trắng đã báo VNPT LCI map và giao thi công,Đã mail cảnh báo lần 3 - 20/07/2026 14:14,,,,
13/07/2026 13:59,VNP-TD/00096652,MW000013815,Megawan NT,Đoàn Hải Hà,Đang xử lý,,Lỗi phiếu về LCI kênh trắng đã báo VNPT LCI map và giao thi công,Đã mail cảnh báo lần 3 - 20/07/2026 14:14,,,,
13/07/2026 13:59,VNP-TD/00096653,MW000013825,Megawan NT,Đoàn Hải Hà,Đang xử lý,,Lỗi phiếu về LCI kênh trắng đã báo VNPT LCI map và giao thi công,Đã mail cảnh báo lần 3 - 20/07/2026 14:14,,,,
13/07/2026 13:59,VNP-TD/00096654,MW000013828,Megawan NT,Đoàn Hải Hà,Đang xử lý,,Lỗi phiếu về LCI kênh trắng đã báo VNPT LCI map và giao thi công,Đã mail cảnh báo lần 3 - 20/07/2026 14:14,,,,
13/07/2026 13:59,VNP-TD/00096655,MW000013822,Megawan NT,Đoàn Hải Hà,Đang xử lý,,Lỗi phiếu về LCI kênh trắng đã báo VNPT LCI map và giao thi công,Đã mail cảnh báo lần 3 - 20/07/2026 14:14,,,,
13/07/2026 14:04,VNP-LD/00075505,vcm2cjt,Fiber,Đăng Văn Minh,Đã hoàn công,20/07/2026 09:44,Khách hàng_Khách hàng chưa xong hạ tầng_Thoái trả phiếu do KH hẹn 18-7 nhận bàn giao,Đã mail cảnh báo lần 2 - 16/07/2026 14:14,,,,
13/07/2026 14:04,VNP-LD/00075505,vcm2ces,Fiber,Đăng Văn Minh,Đã hoàn công,14/07/2026 13:57,Đã chuyển yêu cầu đến VTT,,,,,
13/07/2026 14:04,VNP-LD/00075503,fbr00i73f,Fiber,Đăng Văn Minh,Đã hoàn công,14/07/2026 08:26,Đã chuyển yêu cầu đến VTT,,,,,
13/07/2026 14:04,VNP-LD/00075495,fbr00i6ot,Fiber,Đăng Văn Minh,Đã hoàn công,14/07/2026 08:27,Đã chuyển yêu cầu đến VTT,,,,,
13/07/2026 14:04,VNP-LD/00075494,fbr00i6no,Fiber,Đăng Văn Minh,Đã hoàn công,14/07/2026 08:27,Đã chuyển yêu cầu đến VTT,,,,,
13/07/2026 14:06,VNP-LD/00075500,fbr00i72c,Fiber,Ngô Thị Minh Phương,Đã hoàn công,15/07/2026 14:58, thoái trả hạ tầng kh chưa xong hẹn cuối tuần  0912216889  + 0913224172,Đã mail cảnh báo lần 1 - 15/07/2026 14:14,,,,
13/07/2026 14:06,VNP-LD/00075497,fbr00i6qz,Fiber,Ngô Thị Minh Phương,Đã hoàn công,14/07/2026 09:29,Lh các đơn vị để thực hiện kt 0942388491 ,,,,,
13/07/2026 14:06,VNP-LD/00075496,fbr00i6q5,Fiber,Ngô Thị Minh Phương,Đã hoàn công,14/07/2026 09:28,trả phiếu do hạ tầng kh chưa xong kt 0912756666 +         0913297462        ,,,,,
13/07/2026 14:06,VNP-LD/00074633,fbr00gi48,Fiber,Ngô Thị Minh Phương,Đã hoàn công,14/07/2026 09:29,Lh các đơn vị để thực hiện kt 0913010352 + 0912025997	,,,,,
13/07/2026 14:08,VNP-LD/00075501,vcm2cpd,Fiber,Lê Đức Vinh,Đã hoàn công,17/07/2026 10:05,VTT đã thoái trả vì kahchs hàng chưa có điện tủ rack ,Đã mail cảnh báo lần 2 - 16/07/2026 14:14,,,,
13/07/2026 14:08,VNP-LD/00075505,vcm2cme,Fiber,Ngô Thị Minh Phương,Đã hoàn công,14/07/2026 15:31,Lh các đơn vị để thực hiện ,,,,,
13/07/2026 14:08,VNP-LD/00075505,vcm2cnq,Fiber,Ngô Thị Minh Phương,Đã hoàn công,15/07/2026 08:39,thoái trả do không thi công được,,,,,
13/07/2026 14:08,VNP-LD/00075505,vcm2coy,Fiber,Ngô Thị Minh Phương,Đã hoàn công,17/07/2026 11:10,Lh các đơn vị để thực hiện kt 0916922189 + 0911847888 kh hẹn 17/7,Đã mail cảnh báo lần 2 - 16/07/2026 14:14,,,,
13/07/2026 14:12,VNP-LD/00075499,fbr00i6uo,Fiber,Ngô Thị Minh Phương,Đã hoàn công,17/07/2026 08:24,Lh các đơn vị để thực hiện kt 0918166988 + 0912105799 hạ tầng kh chưa xong hẹn mai,Đã mail cảnh báo lần 2 - 16/07/2026 14:14,,,,
13/07/2026 14:12,VNP-LD/00075502,fbr00i72f,Fiber,Ngô Thị Minh Phương,Đã hoàn công,14/07/2026 08:14,thoái trả Giao sai đc  kt 0912082122 + 0916686988,,,,,
13/07/2026 14:16,51614,,Kênh Thuê Riêng,Nguyễn Duy Thành,Đã hoàn công,17/07/2026 09:11,"Khảo sát các kênh truyền cho dự án mới của VMS, yêu cầu phương án triển khai phức tạp",Đã mail cảnh báo lần 2 - 16/07/2026 15:14,,,,
13/07/2026 14:16,51613,,Kênh Thuê Riêng,Nguyễn Duy Thành,Đã hoàn công,17/07/2026 09:12,"Khảo sát các kênh truyền cho dự án mới của VMS, yêu cầu phương án triển khai phức tạp",Đã mail cảnh báo lần 2 - 16/07/2026 15:14,,,,
13/07/2026 14:17,VNP-LD/00075508,mnk0013xs,Metronet LT,Đào Anh Vũ,Đã hoàn công,20/07/2026 11:20,Chuyển SOC/ VTT thực hiện,Đã mail cảnh báo lần 2 - 16/07/2026 15:14,,,,
13/07/2026 14:26,VNP-TL/00067089,MW000010332,Megawan LT,Đào Anh Vũ,Đã hoàn công,20/07/2026 11:20,Chuyển SOC/ VTT thực hiện,Đã mail cảnh báo lần 2 - 16/07/2026 15:14,,,,
13/07/2026 15:00,VNP-LD/00075525,vcm2ckx,Fiber,Ngô Thị Minh Phương,Đã hoàn công,15/07/2026 14:54,thoái trả : Khách hàng đang hoàn thiện nội thất,,,,,
13/07/2026 15:00,VNP-LD/00075525,vcm2cko,Fiber,Ngô Thị Minh Phương,Đã hoàn công,14/07/2026 15:31,Lh các đơn vị để thực hiện ,,,,,
13/07/2026 15:00,VNP-LD/00075523,fbr00i7c8,Fiber,Ngô Thị Minh Phương,Đã hoàn công,15/07/2026 08:40,Lh các đơn vị để thực hiện kt 0912688922 + 0919232698	,,,,,
13/07/2026 15:46,VNP-LD/00075534,fbr00i7qs,Fiber,Ngô Thị Minh Phương,Đã hoàn công,15/07/2026 08:40,thoái trả do KH yêu cầu thay đổi thông tin hợp đồng0916687866 +          0912612091        ,,,,,
13/07/2026 15:46,VNP-LD/00075532,fbr00i7p9,Fiber,Ngô Thị Minh Phương,Đã hoàn công,15/07/2026 09:04, kt  0915233858 +         0913327908 thoái trả  hạ tầng kh chưa xong hẹn cuối tuần,,,,,
13/07/2026 15:46,VNP-LD/00075529,fbr00i7fp,Fiber,Ngô Thị Minh Phương,Đã hoàn công,15/07/2026 16:53,đã LH a chiến TT VT Văn giang,Đã mail cảnh báo lần 1 - 15/07/2026 16:14,,,,
13/07/2026 16:16,VNP-DV/00013546,tuvantruyenthong35,Fiber,Đăng Văn Minh,Đã hoàn công,15/07/2026 08:58,Đã chuyển yêu cầu đến VTT,,,,,
13/07/2026 16:19,VNP-TL/00067092,MN000022849,Metronet LT,Nguyễn Duy Thành,Đang xử lý,,"Lỗi phiếu_sai dịch vụ với mã MEN ở HNI nên ko map đc phiếu , đã báo AS nhờ IT sửa lại dịch vụ",Đã mail cảnh báo lần 3 - 20/07/2026 17:14,,,,
13/07/2026 16:23,VNP-TL/00066878,MW000386608,Metronet NT,Nguyễn Duy Thành,Đã hoàn công,15/07/2026 07:29,đã báo các đơn vị,,,,,
13/07/2026 16:24,VNP-TL/00067093,MN000388373,Metronet NT,Nguyễn Duy Thành,Đã hoàn công,14/07/2026 13:29,đã báo các đơn vị,,,,,
13/07/2026 16:26,VNP-TL/00066877,MW000386612,Metronet NT,Nguyễn Duy Thành,Đã hoàn công,15/07/2026 07:29,đã báo các đơn vị,,,,,
13/07/2026 16:27,VNP-TL/00066875,MW000387387,Metronet NT,Đoàn Hải Hà,Đã hoàn công,14/07/2026 10:58,đã báo các đơn vị,,,,,
13/07/2026 16:27,VNP-TL/00066876,MW000387376,Metronet NT,Đoàn Hải Hà,Đã hoàn công,14/07/2026 08:08,Báo VTT SLA thực hiện,,,,,
14/07/2026 08:23,HCM-TL/02772436,dia000ooa,Internet trực tiếp,Nguyễn Duy Thành,Đã hoàn công,14/07/2026 13:29,đã báo các đơn vị,,,,,
14/07/2026 08:24,TNN-TL/00167667,DI001013173,Internet trực tiếp,Vũ Thế Ninh,Đã hoàn công,15/07/2026 10:27,Đã báo đơn vị thi công,,,,,
14/07/2026 08:25,51637,,Internet trực tiếp,Lê Đức Vinh,Đã hoàn công,16/07/2026 16:02,ĐVBH: Thông tin địa chỉ không rõ ràng VTT không ks được ,Đã mail cảnh báo lần 1 - 16/07/2026 09:14,,,,
14/07/2026 08:25,51636,,Internet trực tiếp,Lê Đức Vinh,Đã hoàn công,16/07/2026 09:30,Đã chuyển VTT,Đã mail cảnh báo lần 1 - 16/07/2026 09:14,,,,
14/07/2026 08:26,51629,,Internet trực tiếp,Lê Đức Vinh,Đang xử lý,,Lỗi phiếu hệ thống chuyển sai tổ địa bàn ,Đã mail cảnh báo lần 2 - 17/07/2026 09:14,,,,
14/07/2026 08:26,51628,,Internet trực tiếp,Lê Đức Vinh,Đã hoàn công,16/07/2026 08:21,Đã chuyển VTT,,,,,
14/07/2026 08:26,51625,,Internet trực tiếp,Lê Đức Vinh,Đã hoàn công,16/07/2026 08:23,Đã chuyển VTT,,,,,
14/07/2026 08:27,51638,,Internet trực tiếp,Vũ Thế Ninh,Đã hoàn công,14/07/2026 14:15,,,,,,
14/07/2026 08:27,51635,,Internet trực tiếp,Vũ Thế Ninh,Đã hoàn công,14/07/2026 14:15,,,,,,
14/07/2026 08:27,51634,,Internet trực tiếp,Vũ Thế Ninh,Đã hoàn công,15/07/2026 14:27,Đã báo đơn vị thi công,,,,,
14/07/2026 08:27,51633,,Internet trực tiếp,Vũ Thế Ninh,Đã hoàn công,14/07/2026 14:15,,,,,,
14/07/2026 08:27,51632,,Internet trực tiếp,Vũ Thế Ninh,Đã hoàn công,17/07/2026 10:43,Đã báo đơn vị thi công,Đã mail cảnh báo lần 2 - 17/07/2026 09:14,,,,
14/07/2026 08:27,51631,,Internet trực tiếp,Vũ Thế Ninh,Đã hoàn công,14/07/2026 14:16,,,,,,
14/07/2026 08:27,51630,,Internet trực tiếp,Vũ Thế Ninh,Đã hoàn công,14/07/2026 14:16,,,,,,
14/07/2026 08:29,HNI-TL/01498709,mnk001332,Metronet LT,Nguyễn Duy Thành,Đã hoàn công,14/07/2026 13:28,đã báo các đơn vị,,,,,
14/07/2026 08:31,VNP-DC/00015905,MW000021815,Megawan NT,Vũ Thế Ninh,Đang xử lý,,Đã báo đơn vị thi công,Đã mail cảnh báo lần 2 - 17/07/2026 09:14,,,,
14/07/2026 08:31,VNP-KP/00001034,MW000005947,Megawan NT,Đoàn Hải Hà,Đã hoàn công,15/07/2026 08:43,Báo HNI khôi phục,,,,,
14/07/2026 08:33,VNP-LD/00075535,mwk000snl,Megawan NT,Đoàn Hải Hà,Đang xử lý,,Báo HNI triển khai,Đã mail cảnh báo lần 2 - 17/07/2026 09:14,,,,
14/07/2026 08:33,VNP-LD/00075538,mwk000snz,Megawan NT,Đoàn Hải Hà,Đã hoàn công,15/07/2026 13:52,Báo HNI triển khai,,,,,
14/07/2026 08:33,VNP-LD/00075539,mwk000sod,Megawan NT,Đoàn Hải Hà,Đã hoàn công,20/07/2026 08:09,Báo HNI triển khai,Đã mail cảnh báo lần 2 - 17/07/2026 09:14,,,,
14/07/2026 08:33,VNP-LD/00075540,mwk000sor,Megawan NT,Đoàn Hải Hà,Đã hoàn công,15/07/2026 13:55,Báo HNI triển khai,,,,,
14/07/2026 08:33,VNP-LD/00075541,mwk000sp3,Megawan NT,Đoàn Hải Hà,Đang xử lý,,Báo HNI triển khai,Đã mail cảnh báo lần 2 - 17/07/2026 09:14,,,,
14/07/2026 08:36,VNP-DV/00013549,gsm-halong,Fiber,Đăng Văn Minh,Đã hoàn công,15/07/2026 14:51,"GDV bán chéo Ngọc 0823135566 báo không còn acc bán chéo khi tao tác chương trình báo lỗi, đã báo lãnh đạo đơn vị xử lý",,,,,
14/07/2026 08:36,VNP-LD/00075543,tspth0251,Fiber,Ngô Thị Minh Phương,Đã hoàn công,17/07/2026 08:25,Đã chuyển yêu cầu đến VTT kt 0949569333 +0945939222 hạ tầng kh sửa chưa xong,Đã mail cảnh báo lần 1 - 16/07/2026 09:14,,,,
14/07/2026 08:36,VNP-LD/00075543,tspth0415,Fiber,Ngô Thị Minh Phương,Đã hoàn công,15/07/2026 14:55,Lh các đơn vị để thực hiện kt  0916258526 + 0913391207	,,,,,
14/07/2026 08:36,VNP-LD/00075543,tspth10248,Fiber,Ngô Thị Minh Phương,Đã hoàn công,17/07/2026 08:25,Lh các đơn vị để thực hiện kt 0912214245 + 0913283127 báo lắp chiều 16/7  kt đang lắp,Đã mail cảnh báo lần 1 - 16/07/2026 09:14,,,,
14/07/2026 09:09,VNP-TL/00067096,MW000386191,Metronet NT,Nguyễn Duy Thành,Đã hoàn công,14/07/2026 13:28,đã báo các đơn vị,,,,,
14/07/2026 09:10,VNP-LD/00075547,dia000sq5,Internet trực tiếp,Đào Anh Vũ,Đang xử lý,,THoái trả phiếu để kinh doanh nhập mã mới ,Đã mail cảnh báo lần 2 - 17/07/2026 09:14,,,,
14/07/2026 09:11,V06/LD/260714/02207,mwk000spw,Megawan LT,Đào Anh Vũ,Đang xử lý,,Chuyển SOC/ VTT thực hiện,Đã mail cảnh báo lần 2 - 17/07/2026 09:14,,,,
14/07/2026 09:31,VNP-LD/00075548,qtk000814,Kênh Thuê Riêng,Nguyễn Duy Thành,Đã hoàn công,15/07/2026 14:27,đã báo các đơn vị,,,,,
14/07/2026 09:57,TNN-TD/00235592,DI001062382,Internet trực tiếp,Vũ Thế Ninh,Đã hoàn công,17/07/2026 15:20,Đã báo đơn vị thi công,Đã mail cảnh báo lần 2 - 17/07/2026 10:14,,,,
14/07/2026 10:36,51639,,Internet trực tiếp,Đào Anh Vũ,Đang xử lý,,Chuyển VTT thực hiện,Đã mail cảnh báo lần 2 - 17/07/2026 11:14,,,,
14/07/2026 10:37,VNP-TD/00096666,005584084MEN,Metronet NT,Đào Anh Vũ,Đã hoàn công,14/07/2026 16:11,,,,,,
14/07/2026 10:38,V06/LD/260714/03373,mwk000srh,Megawan LT,Vũ Thế Ninh,Đã hoàn công,20/07/2026 08:10,KH hẹn h20/7 bàn giao,Đã mail cảnh báo lần 2 - 17/07/2026 11:14,,,,
14/07/2026 10:52,51640,,Internet trực tiếp,Vũ Thế Ninh,Đã hoàn công,17/07/2026 10:33,Đã báo đơn vị thi công,Đã mail cảnh báo lần 1 - 16/07/2026 11:14,,,,
14/07/2026 10:53,51641,,Internet trực tiếp,Vũ Thế Ninh,Đang xử lý,,Đã báo đơn vị thi công,Đã mail cảnh báo lần 2 - 17/07/2026 11:14,,,,
14/07/2026 10:54,VNP-TD/00096669,dic112550bn,Fiber,Đăng Văn Minh,Đã hoàn công,15/07/2026 09:03,Đã chuyển yêu cầu đến VTT,,,,,
14/07/2026 10:59,51642,,Internet trực tiếp,Lê Đức Vinh,Đã hoàn công,16/07/2026 10:19,Đã chuyển VTT,,,,,
14/07/2026 11:00,51643,,Internet trực tiếp,Lê Đức Vinh,Đã hoàn công,14/07/2026 14:23,Đã chuyển VTT,,,,,
14/07/2026 11:23,VNP-TL/00067099,MN000003857,Metronet LT,Lê Đức Vinh,Đã hoàn công,20/07/2026 08:11,Lỗi phiếu VTT không thấy kênh để map đang nhờ IT hỗ trợ ,Đã mail cảnh báo lần 2 - 17/07/2026 12:14,,,,
14/07/2026 11:24,VNP-LD/00075557,fbr00ia0m,Fiber,Ngô Thị Minh Phương,Đã hoàn công,16/07/2026 14:43,Lh các đơn vị để thực hiện  kt  0919232698 hạ tầng kh chưa xong thoái trả phiếu ,Đã mail cảnh báo lần 1 - 16/07/2026 12:14,,,,
14/07/2026 11:25,VNP-DC/00015908,MW000021816,Megawan NT,Vũ Thế Ninh,Đã hoàn công,17/07/2026 15:21,VNPT thoái trả vì k tìm thấy kênh,Đã mail cảnh báo lần 2 - 17/07/2026 12:14,,,,
14/07/2026 13:58,VNP-TD/00096693,MW000019996,Megawan NT,Lê Đức Vinh,Đã hoàn công,14/07/2026 15:22,Đã chuyển VTT,,,,,
14/07/2026 13:58,VNP-TD/00096694,MW000019998,Megawan NT,Lê Đức Vinh,Đã hoàn công,14/07/2026 15:25,Đã chuyển VTT,,,,,
14/07/2026 13:59,VNP-TD/00096691,MW000019776,Megawan NT,Nguyễn Duy Thành,Đã hoàn công,14/07/2026 15:43,,,,,,
14/07/2026 13:59,VNP-TD/00096692,MW000019780,Megawan NT,Nguyễn Duy Thành,Đã hoàn công,14/07/2026 16:04,,,,,,
14/07/2026 14:00,VNP-TD/00096682,MW000020406,Megawan NT,Đoàn Hải Hà,Đã hoàn công,14/07/2026 15:42,,,,,,
14/07/2026 14:01,VNP-TD/00096683,MW000020368,Megawan NT,Đào Anh Vũ,Đã hoàn công,14/07/2026 16:11,,,,,,
14/07/2026 14:01,VNP-TD/00096684,MW001034756,Megawan NT,Đào Anh Vũ,Đã hoàn công,14/07/2026 16:15,Phiếu này thoái trả để nhập lại mã khác,,,,,
14/07/2026 14:02,VNP-TD/00096677,MW000020402,Megawan NT,Vũ Thế Ninh,Đã hoàn công,14/07/2026 14:14,,,,,,
14/07/2026 14:02,VNP-TD/00096678,MW000020403,Megawan NT,Vũ Thế Ninh,Đã hoàn công,14/07/2026 14:14,,,,,,
14/07/2026 14:02,VNP-TD/00096685,MW000020073,Megawan NT,Vũ Thế Ninh,Đã hoàn công,14/07/2026 14:29,Đã báo đơn vị thi công,,,,,
14/07/2026 14:06,VNP-TD/00096670,CQ000023696,Kênh Thuê Riêng,Nguyễn Duy Thành,Đã hoàn công,15/07/2026 07:25,đã báo các đơn vị,,,,,
14/07/2026 14:06,VNP-TD/00096671,LL000025275,Kênh Thuê Riêng,Nguyễn Duy Thành,Đã hoàn công,15/07/2026 07:25,đã báo các đơn vị,,,,,
14/07/2026 14:06,VNP-TD/00096673,LL001041177,Kênh Thuê Riêng,Nguyễn Duy Thành,Đã hoàn công,15/07/2026 07:25,đã báo các đơn vị,,,,,
14/07/2026 14:06,VNP-TD/00096674,LL001041171,Kênh Thuê Riêng,Nguyễn Duy Thành,Đã hoàn công,15/07/2026 07:25,đã báo các đơn vị,,,,,
14/07/2026 14:12,VNP-TD/00096705,MW000020088,Megawan NT,Nguyễn Duy Thành,Đã hoàn công,15/07/2026 07:53,đã báo các đơn vị,,,,,
14/07/2026 14:13,VNP-TD/00096703,MW000020032,Megawan NT,Đoàn Hải Hà,Đã hoàn công,15/07/2026 13:43,,,,,,
14/07/2026 14:13,VNP-TD/00096704,MW000020035,Megawan NT,Đoàn Hải Hà,Đã hoàn công,15/07/2026 13:42,Báo CBG nâng cấp,,,,,
14/07/2026 14:13,VNP-TD/00096702,MW000020031,Megawan NT,Đoàn Hải Hà,Đã hoàn công,16/07/2026 15:09,Báo CBG nâng cấp,Đã mail cảnh báo lần 1 - 16/07/2026 14:14,,,,
14/07/2026 14:22,VNP-LD/00075569,fbr00iamy,Fiber,Lương Tuấn Thanh,Đã hoàn công,16/07/2026 10:34,,,,,,
14/07/2026 14:22,VNP-LD/00075568,fbr00iam6,Fiber,Lương Tuấn Thanh,Đang xử lý,," 
Tổ kỹ thuật bận, hẹn sáng mai thi công

20/07 KH hẹn kt sáng nay triển khai",Đã mail cảnh báo lần 2 - 17/07/2026 15:14,,,Hoàng Văn Chiến - 0947470222,"lắp mới FiberEco1/1 IP tĩnh, bàn giao sớm nhất có thể, LH KH Đỗ Trọng Hải 0398910065--Cao Thị Kim Hoanh/0913957922/Trung tâm Khách hàng Doanh nghiệp Miền Nam"
14/07/2026 14:23,VNP-LD/00075567,fbr00iakh,Fiber,Tạ Lê Hoa,Đang xử lý,,"15/7 Đã gọi a Hưng VNPT - 0916609196 để điều hành
17/17 gọi lại anh Hưng báo đã kéo dây xong rồi nhưng phía KH chưa có điện, chưa sẵn sàng hạ tầng",Đã mail cảnh báo lần 2 - 17/07/2026 15:14,,,,
14/07/2026 14:23,VNP-LD/00075564,fbr00iaaj,Fiber,Tạ Lê Hoa,Đang xử lý,,15/7 đã gọi KT Nguyễn Đức Huân - 0947171166 báo đã kéo dây vào nhà KH rồi nhưng KH chưa nhận bàn giao. KH hẹn cuối tháng,Đã mail cảnh báo lần 2 - 17/07/2026 15:14,,,,
14/07/2026 14:24,VNP-DC/00015909,lci0058000040942,Fiber,Ngô Thị Minh Phương,Đã hoàn công,16/07/2026 15:10,Lh các đơn vị để thực hiện kt         0911158838 + 0943945888 thoái trả ,,,,,
14/07/2026 14:24,VNP-LD/00075563,fbr00ia8x,Fiber,Ngô Thị Minh Phương,Đã hoàn công,15/07/2026 08:42,Lh các đơn vị để thực hiện ,,,,,
14/07/2026 14:28,HCM-TD/00933887,DI001042009,Internet trực tiếp,Nguyễn Duy Thành,Đã hoàn công,15/07/2026 07:27,đã báo các đơn vị,,,,,
14/07/2026 14:28,HCM-TD/00933874,DI001040954,Internet trực tiếp,Đào Anh Vũ,Đã hoàn công,15/07/2026 10:26,Chuyển SOC/ VTT thực hiện,,,,,
14/07/2026 14:34,VNP-LD/00075562,mnk00145g,Metronet LT,Nguyễn Duy Thành,Đang xử lý,,"Khách hàng_Phải thuê cáp trong FPT, BHMN đang làm công văn để nhờ HNI thuê cáp",Đã mail cảnh báo lần 2 - 17/07/2026 15:14,,,,
14/07/2026 14:51,VNP-TD/00096708,MW001034756,Megawan NT,Đào Anh Vũ,Đã hoàn công,14/07/2026 16:15,,,,,,
14/07/2026 15:21,VNP-TD/00096710,MW000020078,Megawan NT,Vũ Thế Ninh,Đã hoàn công,15/07/2026 14:59,Đã báo đơn vị thi công,,,,,
14/07/2026 15:22,VNP-TL/00067102,MW001273943,Megawan NT,Đào Anh Vũ,Đã hoàn công,20/07/2026 11:21,Chuyển SOC/ VTT thực hiện,Đã mail cảnh báo lần 2 - 17/07/2026 16:14,,,,
14/07/2026 15:22,VNP-TL/00067104,MW001274168,Megawan NT,Đoàn Hải Hà,Đã hoàn công,16/07/2026 15:08,Báo CBG nâng cấp,,,,,
14/07/2026 15:23,VNP-TD/00096711,MW000014211,Megawan NT,Lê Đức Vinh,Đã hoàn công,14/07/2026 16:53,Đã chuyển VTT,,,,,
14/07/2026 15:51,VNP-LD/00075570,llk00081z,Kênh Thuê Riêng,Đoàn Hải Hà,Đang xử lý,,Báo SOC triển khai,Đã mail cảnh báo lần 2 - 17/07/2026 16:14,,,,
14/07/2026 15:51,VNP-LD/00075571,qtk000829,Kênh Thuê Riêng,Đoàn Hải Hà,Đang xử lý,,Báo HNI triển khai quang trắng,Đã mail cảnh báo lần 2 - 17/07/2026 16:14,,,,
14/07/2026 16:00,VNP-TL/00067106,MW000401947,Metronet NT,Vũ Thế Ninh,Đã hoàn công,15/07/2026 08:26,,,,,,
14/07/2026 16:00,VNP-TL/00067107,MW000401948,Metronet NT,Vũ Thế Ninh,Đã hoàn công,15/07/2026 08:26,,,,,,
14/07/2026 16:00,VNP-TL/00067108,MW000401944,Metronet NT,Vũ Thế Ninh,Đã hoàn công,15/07/2026 08:26,,,,,,
14/07/2026 16:00,VNP-TL/00067109,MW000401945,Metronet NT,Vũ Thế Ninh,Đã hoàn công,15/07/2026 08:26,,,,,,
14/07/2026 16:01,VNP-LD/00075572,llk00082u,Kênh Thuê Riêng,Nguyễn Duy Thành,Đang xử lý,,Lắp mới KTR 1Gb cho dự án của Cục BĐTW. VNPT NET đang phối hợp triển khai do phương án thi công khó,Đã mail cảnh báo lần 2 - 17/07/2026 16:14,,,,
14/07/2026 16:02,VNP-LD/00075573,qtk000834,Kênh Thuê Riêng,Đào Anh Vũ,Đang xử lý,,"Kênh Cục BĐTƯ,  Cáp quang trắng phục vụ kết nối NET1 với CPT cho KTR 1G",Đã mail cảnh báo lần 2 - 17/07/2026 16:14,,,,
14/07/2026 16:04,VNP-TD/00096679,MW000020404,Megawan NT,Vũ Thế Ninh,Đã hoàn công,15/07/2026 14:59,Đã báo đơn vị thi công,,,,,
14/07/2026 16:06,51648,,Internet trực tiếp,Lê Đức Vinh,Đã hoàn công,16/07/2026 08:33,Đã chuyển VTT,,,,,
14/07/2026 16:18,VNP-LD/00075575,mnk00146p,Metronet NT,Đoàn Hải Hà,Đã hoàn công,15/07/2026 08:33,,,,,,
14/07/2026 16:18,VNP-LD/00075576,mnk00146z,Metronet NT,Đoàn Hải Hà,Đã hoàn công,15/07/2026 16:11,Báo SOC triển khai,,,,,
15/07/2026 08:38,V06/LD/260715/02202,dia000stn,Internet trực tiếp,Vũ Thế Ninh,Đang xử lý,,KH chưa xong hạ tầng,Đã mail cảnh báo lần 2 - 20/07/2026 09:14,,,,
15/07/2026 08:39,51679,,Megawan NT,Nguyễn Duy Thành,Đã hoàn công,16/07/2026 08:00,đã báo các đơn vị,,,,,
15/07/2026 08:40,51683,,Fiber,Ngô Thị Minh Phương,Đã hoàn công,16/07/2026 13:38,Lh các đơn vị để thực hiện kt 0915233858,,,,,
15/07/2026 08:40,51681,,Fiber,Ngô Thị Minh Phương,Đã hoàn công,16/07/2026 13:38,Lh các đơn vị để thực hiện kt  0917363559,,,,,
15/07/2026 09:39,VNP-TL/00067112,tramsac-hye0010,Fiber,Đăng Văn Minh,Đã hoàn công,17/07/2026 08:20,Đã chuyển yêu cầu đến VTT,,,,,
15/07/2026 09:39,VNP-TL/00067113,tramsac-hno0162,Fiber,Đăng Văn Minh,Đã hoàn công,17/07/2026 08:20,Đã chuyển yêu cầu đến VTT,,,,,
15/07/2026 09:39,VNP-TL/00067114,tramsac-hno0155,Fiber,Đăng Văn Minh,Đã hoàn công,16/07/2026 13:46,Đã chuyển yêu cầu đến VTT,,,,,
15/07/2026 09:39,VNP-TL/00067115,tramsac-hno0230,Fiber,Đăng Văn Minh,Đã hoàn công,17/07/2026 08:20,Đã chuyển yêu cầu đến VTT,,,,,
15/07/2026 09:39,VNP-TL/00067116,tramsac-hno0195,Fiber,Đăng Văn Minh,Đã hoàn công,17/07/2026 08:21,Đã chuyển yêu cầu đến VTT,,,,,
15/07/2026 09:39,VNP-TL/00067117,tramsac-hno0121,Fiber,Đăng Văn Minh,Đã hoàn công,17/07/2026 08:21,Đã chuyển yêu cầu đến VTT,,,,,
15/07/2026 09:39,VNP-TL/00067119,tramsac-hno0103,Fiber,Đăng Văn Minh,Đã hoàn công,16/07/2026 13:45,Đã chuyển yêu cầu đến VTT,,,,,
15/07/2026 09:39,VNP-TL/00067120,tramsac-hye0011,Fiber,Đăng Văn Minh,Đã hoàn công,17/07/2026 08:21,Đã chuyển yêu cầu đến VTT,,,,,
15/07/2026 09:39,VNP-TL/00067121,tramsac-hye0012,Fiber,Đăng Văn Minh,Đã hoàn công,17/07/2026 08:21,Đã chuyển yêu cầu đến VTT,,,,,
15/07/2026 09:39,VNP-TL/00067122,tramsac-hno0224,Fiber,Đăng Văn Minh,Đã hoàn công,17/07/2026 08:22,Đã chuyển yêu cầu đến VTT,,,,,
15/07/2026 09:39,VNP-TL/00067123,tramsac-hno0221,Fiber,Ngô Thị Minh Phương,Đã hoàn công,17/07/2026 08:25,"Lh các đơn vị để thực hiện kt 0916006262 + 0916746559 báo sai vnpt phải đúng là VNPT Tây Hồ chứ ko phải VNPT Giai phóng , đã báo kt CHUYỂN ",,,,,
15/07/2026 09:39,VNP-TL/00067124,tramsac-hno0226,Fiber,Ngô Thị Minh Phương,Đã hoàn công,17/07/2026 08:25,Lh các đơn vị để thực hiện kt 0916006262 + 0916746559 ,,,,,
15/07/2026 09:39,VNP-TL/00067125,tramsac-hno0227,Fiber,Ngô Thị Minh Phương,Đã hoàn công,17/07/2026 08:25,Lh các đơn vị để thực hiện kt 0916006262 + 0916746559 ,,,,,
15/07/2026 09:39,VNP-TL/00067126,tramsac-hno0222,Fiber,Ngô Thị Minh Phương,Đã hoàn công,17/07/2026 08:25,Lh các đơn vị để thực hiện kt 0916006262 + 0916746559 ,,,,,
15/07/2026 09:39,VNP-TL/00067127,tramsac-hno0309,Fiber,Ngô Thị Minh Phương,Đã hoàn công,17/07/2026 08:25,Lh các đơn vị để thực hiện kt 0916006262 + 0916746559 ,,,,,
15/07/2026 09:41,VNP-TL/00067128,MW001293294,Megawan LT,Đoàn Hải Hà,Đã hoàn công,15/07/2026 10:31,,,,,,
15/07/2026 10:20,51688,,Internet trực tiếp,Vũ Thế Ninh,Đã hoàn công,15/07/2026 14:25,,,,,,
15/07/2026 10:29,51689,,Internet trực tiếp,Vũ Thế Ninh,Đã hoàn công,15/07/2026 14:25,,,,,,
15/07/2026 10:30,VNP-TD/00096716,MW000020042,Megawan NT,Nguyễn Duy Thành,Đã hoàn công,15/07/2026 14:49,,,,,,
15/07/2026 10:30,VNP-TD/00096717,MW000020041,Megawan NT,Nguyễn Duy Thành,Đã hoàn công,16/07/2026 07:34,,,,,,
15/07/2026 10:31,VNP-TL/00067129,MN000388658,Metronet LT,Đào Anh Vũ,Đã hoàn công,16/07/2026 09:36,Chuyển SOC/ VTT thực hiện,,,,,
15/07/2026 11:06,VNP-TD/00096718,MW000407650,Megawan NT,Vũ Thế Ninh,Đã hoàn công,17/07/2026 15:22,Đã báo đơn vị thi công,Đã mail cảnh báo lần 1 - 17/07/2026 11:14,,,,
15/07/2026 11:12,51691,,Megawan NT,Vũ Thế Ninh,Đã hoàn công,15/07/2026 14:18,,,,,,
15/07/2026 11:13,VNP-TD/00096721,MW000013642,Megawan NT,Nguyễn Duy Thành,Đã hoàn công,15/07/2026 14:43,,,,,,
15/07/2026 13:42,VNP-LD/00075598,mwk000suf,Megawan NT,Vũ Thế Ninh,Đang xử lý,,Đã báo đơn vị thi công,Đã mail cảnh báo lần 2 - 20/07/2026 14:14,,,,
15/07/2026 13:44,51692,,Fiber,Ngô Thị Minh Phương,Đã hoàn công,16/07/2026 13:52,Lh các đơn vị để thực hiện kt 0949031666 kt báo ko lắp đc do vnpt chưa có hạ tầng váo khu này,,,,,
15/07/2026 13:46,VNP-LD/00075607,fbr00ie83,Fiber,Lương Tuấn Thanh,Đang xử lý,,"Ko có lỗ đi dây cáp vào cửa hàng, kt đã báo AM nhờ TTTM hỗ trợ đi dây",Đã mail cảnh báo lần 2 - 20/07/2026 14:14,,,NVQL: Nguyễn Sỹ Luân - 0912127969,"lắp mới FTTH của FPT-Crocs, gói FiberEco3/IP tĩnh, LH: Ms Kim Chi 0982 405 493, hoàn thành sớm"
15/07/2026 13:57,V06/LD/260715/04914,dia000sut,Internet trực tiếp,Đào Anh Vũ,Đang xử lý,,Chuyển SOC/ VTT thực hiện,Đã mail cảnh báo lần 2 - 20/07/2026 14:14,,,,
15/07/2026 14:02,VNP-TD/00096722,MW000013833,Megawan NT,Đào Anh Vũ,Đã hoàn công,16/07/2026 09:37,Chuyển VTT thực hiện,,,,,
15/07/2026 14:02,VNP-TD/00096723,MW000013830,Megawan NT,Đào Anh Vũ,Đã hoàn công,16/07/2026 09:37,Chuyển VTT thực hiện,,,,,
15/07/2026 14:02,VNP-TD/00096724,MW000013834,Megawan NT,Đào Anh Vũ,Đã hoàn công,16/07/2026 09:37,Chuyển VTT thực hiện,,,,,
15/07/2026 14:12,TBH-LD/00527913,dia000stu,Internet trực tiếp,Vũ Thế Ninh,Đã hoàn công,17/07/2026 15:23,Đã báo đơn vị thi công,Đã mail cảnh báo lần 1 - 17/07/2026 14:14,,,,
15/07/2026 14:12,VNP-TL/00067132,DI001029744,Internet trực tiếp,Nguyễn Duy Thành,Đã hoàn công,16/07/2026 09:08,đã báo các đơn vị,,,,,
15/07/2026 14:13,VNP-TL/00067131,MW000391322,Metronet LT,Đào Anh Vũ,Đã hoàn công,20/07/2026 11:22,Chuyển SOC/ VTT thực hiện ,Đã mail cảnh báo lần 1 - 17/07/2026 14:14,,,,
15/07/2026 14:14,VNP-TD/00096725,MW000283270,Megawan NT,Đoàn Hải Hà,Đã hoàn công,16/07/2026 15:06,,,,,,
15/07/2026 14:31,V06/TL/260715/00077,MN001019484,Metronet LT,Đoàn Hải Hà,Đã hoàn công,15/07/2026 15:49,,,,,,
15/07/2026 14:31,V06/TL/260715/00082,MN001019955,Metronet LT,Đoàn Hải Hà,Đã hoàn công,15/07/2026 15:49,,,,,,
15/07/2026 14:33,VNP-TD/00096726,MW000013643,Megawan NT,Nguyễn Duy Thành,Đã hoàn công,16/07/2026 07:34,,,,,,
15/07/2026 14:33,VNP-TD/00096727,MW000013644,Megawan NT,Nguyễn Duy Thành,Đã hoàn công,16/07/2026 07:34,,,,,,
15/07/2026 14:33,VNP-TD/00096728,MW000013653,Megawan NT,Nguyễn Duy Thành,Đã hoàn công,16/07/2026 07:34,,,,,,
15/07/2026 14:41,51697,,Megawan NT,Vũ Thế Ninh,Đã hoàn công,20/07/2026 08:11,Đã báo đơn vị thi công,Đã mail cảnh báo lần 1 - 17/07/2026 15:14,,,,
15/07/2026 14:41,51696,,Megawan NT,Vũ Thế Ninh,Đã hoàn công,20/07/2026 08:11,Đã báo đơn vị thi công,Đã mail cảnh báo lần 1 - 17/07/2026 15:14,,,,
15/07/2026 14:42,VNP-KP/00001035,MW001009838,Megawan NT,Đào Anh Vũ,Đã hoàn công,16/07/2026 09:38,Chuyển VTT thực hiện,,,,,
15/07/2026 15:00,VNP-LD/00075609,fbr00ienq,Fiber,Đăng Văn Minh,Đã hoàn công,16/07/2026 16:08,"Trả phiếu theo yêu cầu_ Trả phiếu theo yêu cầu của AS_Vy, Trùng hồ sơ",,,,,
15/07/2026 15:01,VNP-TD/00096729,MW001009838,Megawan NT,Đào Anh Vũ,Đã hoàn công,16/07/2026 09:39,Chuyển VTT thực hiện,,,,,
15/07/2026 15:27,HCM-TL/02772964,hcmtsl014000272,Metronet LT,Nguyễn Duy Thành,Đã hoàn công,16/07/2026 07:34,,,,,,
15/07/2026 15:36,VNP-LD/00075612,cmcghndaidonghyn,Fiber,Ngô Thị Minh Phương,Đã hoàn công,17/07/2026 08:25,đã LH A Hiếu HYN báo hôm nay lắp,,,,,
15/07/2026 15:38,VNP-TL/00067135,kyowon-sudico-hni,Fiber,Ngô Thị Minh Phương,Đã hoàn công,16/07/2026 10:31,Lh các đơn vị để thực hiện ,,,,,
15/07/2026 15:48,VNP-TL/00067136,mwk000ojg,Megawan NT,Vũ Thế Ninh,Đã hoàn công,16/07/2026 07:52,,,,,,
15/07/2026 16:14,VNP-LD/00075619,mwk000sz7,Megawan NT,Đoàn Hải Hà,Đang xử lý,,Liên hệ khách hàng không đúng đã báo lại AS lấy số khác,Đã mail cảnh báo lần 2 - 20/07/2026 16:14,,,,
15/07/2026 16:16,VNP-TD/00096733,DI001040396,Internet trực tiếp,Đào Anh Vũ,Đã hoàn công,20/07/2026 11:22,"Thay đổi dải IP, chờ SOC kiểm tra thực hiện",Đã mail cảnh báo lần 1 - 17/07/2026 17:14,,,,
15/07/2026 16:17,VNP-TD/00096734,DI001043387,Internet trực tiếp,Đào Anh Vũ,Đã hoàn công,20/07/2026 11:22,"Thay đổi dải IP, chờ SOC kiểm tra thực hiện",Đã mail cảnh báo lần 1 - 17/07/2026 17:14,,,,
15/07/2026 16:20,51699,,Metronet NT,Vũ Thế Ninh,Đã hoàn công,20/07/2026 08:11,Đã báo đơn vị thi công,Đã mail cảnh báo lần 1 - 17/07/2026 17:14,,,,
15/07/2026 16:29,VNP-LD/00075624,phuclong2253,Fiber,Ngô Thị Minh Phương,Đã hoàn công,17/07/2026 09:18,Lh các đơn vị để thực hiện kt 0918961696 + 0913370456 hạ tầng kh chưa có điện  trả phiếu chiều 17/7 nhập phiếu mới,,,,,
15/07/2026 16:37,VNP-LD/00075613,mwk000swz,Metronet NT,Vũ Thế Ninh,Đang xử lý,,Đã báo đơn vị thi công,Đã mail cảnh báo lần 2 - 20/07/2026 17:14,,,,
15/07/2026 16:37,VNP-LD/00075610,mwk000svp,Megawan NT,Đoàn Hải Hà,Đang xử lý,,Liên hệ khách hàng không đúng đã báo lại AS lấy số khác,Đã mail cảnh báo lần 2 - 20/07/2026 17:14,,,,
15/07/2026 16:37,VNP-LD/00075614,mwk000sxm,Megawan NT,Đoàn Hải Hà,Đang xử lý,,,Đã mail cảnh báo lần 2 - 20/07/2026 17:14,,,,
15/07/2026 16:38,VNP-LD/00075615,mwk000sya,Megawan NT,Đào Anh Vũ,Đang xử lý,,Chuyển VTT thực hiện,Đã mail cảnh báo lần 2 - 20/07/2026 17:14,,,,
15/07/2026 16:38,VNP-LD/00075616,mwk000syh,Megawan NT,Đào Anh Vũ,Đang xử lý,,Chuyển SOC/ VTT thực hiện ,Đã mail cảnh báo lần 2 - 20/07/2026 17:14,,,,
16/07/2026 08:05,VNP-TL/00067146,mnk000vtr,Metronet LT,Lê Đức Vinh,Đã hoàn công,16/07/2026 08:59,Đã chuyển VTT,,,,,
16/07/2026 08:05,VNP-TL/00067148,mnk000wgh,Metronet LT,Lê Đức Vinh,Đã hoàn công,16/07/2026 08:58,Đã chuyển VTT,,,,,
16/07/2026 08:05,VNP-TL/00067149,mnk000wg4,Metronet LT,Lê Đức Vinh,Đã hoàn công,16/07/2026 08:59,Đã chuyển VTT,,,,,
16/07/2026 08:06,51704,,Megawan NT,Đoàn Hải Hà,Đã hoàn công,20/07/2026 14:35,,Đã mail cảnh báo lần 1 - 20/07/2026 09:14,,,,
16/07/2026 08:07,HPG-TL/00884617,MW001150172,Megawan LT,Vũ Thế Ninh,Đã hoàn công,20/07/2026 08:12,Đã báo đơn vị thi công,,,,,
16/07/2026 08:10,51703,,Internet trực tiếp,Vũ Thế Ninh,Đã hoàn công,20/07/2026 08:12,Đã báo đơn vị thi công,,,,,
16/07/2026 08:11,BGG-DV/00315266,tsl-028217,Internet trực tiếp,Đào Anh Vũ,Đã hoàn công,20/07/2026 11:24,Thoái trả,Đã mail cảnh báo lần 1 - 20/07/2026 09:14,,,,
16/07/2026 08:13,V06/TL/260715/00129,DI001020955,Internet trực tiếp,Nguyễn Duy Thành,Đã hoàn công,16/07/2026 09:39,,,,,,
16/07/2026 09:05,VNP-TD/00096738,MW000010895,Megawan LT,Nguyễn Duy Thành,Đã hoàn công,16/07/2026 09:39,,,,,,
16/07/2026 09:08,VNP-KP/00001036,MN001050955,Metronet NT,Đào Anh Vũ,Đã hoàn công,20/07/2026 11:25,THoái trả,Đã mail cảnh báo lần 1 - 20/07/2026 09:14,,,,
16/07/2026 09:09,VNP-TD/00096740,DI000003560,Internet trực tiếp,Vũ Thế Ninh,Đã hoàn công,16/07/2026 15:28,Đã báo đơn vị thi công,,,,,
16/07/2026 09:25,VNP-DV/00013552,tuvantruyenthong35,Fiber,Đăng Văn Minh,Đã hoàn công,16/07/2026 10:04,Đã chuyển yêu cầu đến VTT,,,,,
16/07/2026 09:48,VNP-TD/00096741,MW000020407,Megawan NT,Vũ Thế Ninh,Đang xử lý,,Đã báo đơn vị thi công,Đã mail cảnh báo lần 1 - 20/07/2026 10:14,,,,
16/07/2026 09:49,VNP-TL/00066328,MN000003823,Metronet LT,Vũ Thế Ninh,Đã hoàn công,20/07/2026 08:12,Đã báo đơn vị thi công,,,,,
16/07/2026 10:22,VNP-LD/00075627,mnk0014dp,Metronet NT,Vũ Thế Ninh,Đã hoàn công,20/07/2026 08:13,Đã báo đơn vị thi công,,,,,
16/07/2026 10:22,VNP-LD/00075627,mnk0014e1,Metronet NT,Vũ Thế Ninh,Đã hoàn công,20/07/2026 08:13,Đã báo đơn vị thi công,,,,,
16/07/2026 10:22,VNP-LD/00075627,mnk0014dz,Metronet NT,Vũ Thế Ninh,Đã hoàn công,20/07/2026 08:13,Đã báo đơn vị thi công,,,,,
16/07/2026 10:22,VNP-LD/00075627,mnk0014ds,Metronet NT,Vũ Thế Ninh,Đã hoàn công,20/07/2026 08:13,Đã báo đơn vị thi công,,,,,
16/07/2026 10:22,VNP-LD/00075627,mnk0014dj,Metronet NT,Vũ Thế Ninh,Đã hoàn công,17/07/2026 15:16,Đã báo đơn vị thi công,,,,,
16/07/2026 10:22,VNP-LD/00075627,mnk0014do,Metronet NT,Vũ Thế Ninh,Đã hoàn công,20/07/2026 08:14,Đã báo đơn vị thi công,,,,,
16/07/2026 10:22,VNP-LD/00075627,mnk0014dn,Metronet NT,Vũ Thế Ninh,Đã hoàn công,20/07/2026 08:14,Đã báo đơn vị thi công,,,,,
16/07/2026 10:22,VNP-LD/00075627,mnk0014dm,Metronet NT,Vũ Thế Ninh,Đã hoàn công,20/07/2026 08:14,Đã báo đơn vị thi công,,,,,
16/07/2026 10:22,VNP-LD/00075627,mnk0014dl,Metronet NT,Vũ Thế Ninh,Đã hoàn công,20/07/2026 08:14,Đã báo đơn vị thi công,,,,,
16/07/2026 10:22,VNP-LD/00075627,mnk0014dk,Metronet NT,Vũ Thế Ninh,Đã hoàn công,20/07/2026 08:14,Đã báo đơn vị thi công,,,,,
16/07/2026 10:22,VNP-LD/00075627,mnk0014db,Metronet NT,Vũ Thế Ninh,Đang xử lý,,Đã báo đơn vị thi công,Đã mail cảnh báo lần 1 - 20/07/2026 11:14,,,,
16/07/2026 10:22,VNP-LD/00075627,mnk0014df,Metronet NT,Vũ Thế Ninh,Đã hoàn công,20/07/2026 08:14,Đã báo đơn vị thi công,,,,,
16/07/2026 10:22,VNP-LD/00075627,mnk0014de,Metronet NT,Vũ Thế Ninh,Đang xử lý,,Đã báo đơn vị thi công,Đã mail cảnh báo lần 1 - 20/07/2026 11:14,,,,
16/07/2026 10:22,VNP-LD/00075627,mnk0014dd,Metronet NT,Vũ Thế Ninh,Đang xử lý,,Đã báo đơn vị thi công,Đã mail cảnh báo lần 1 - 20/07/2026 11:14,,,,
16/07/2026 10:22,VNP-LD/00075627,mnk0014dc,Metronet NT,Vũ Thế Ninh,Đang xử lý,,Đã báo đơn vị thi công,Đã mail cảnh báo lần 1 - 20/07/2026 11:14,,,,
16/07/2026 10:22,VNP-LD/00075627,mnk0014d1,Metronet NT,Vũ Thế Ninh,Đã hoàn công,17/07/2026 08:19,Đã báo đơn vị thi công,,,,,
16/07/2026 10:22,VNP-LD/00075627,mnk0014da,Metronet NT,Vũ Thế Ninh,Đã hoàn công,17/07/2026 08:19,Đã báo đơn vị thi công,,,,,
16/07/2026 10:22,VNP-LD/00075627,mnk0014d7,Metronet NT,Vũ Thế Ninh,Đã hoàn công,17/07/2026 08:19,Đã báo đơn vị thi công,,,,,
16/07/2026 10:22,VNP-LD/00075627,mnk0014d6,Metronet NT,Vũ Thế Ninh,Đã hoàn công,20/07/2026 08:15,Đã báo đơn vị thi công,,,,,
16/07/2026 10:22,VNP-LD/00075627,mnk0014d5,Metronet NT,Vũ Thế Ninh,Đã hoàn công,20/07/2026 08:15,Đã báo đơn vị thi công,,,,,
16/07/2026 10:22,VNP-LD/00075627,mnk0014d2,Metronet NT,Vũ Thế Ninh,Đã hoàn công,20/07/2026 08:15,Đã báo đơn vị thi công,,,,,
16/07/2026 10:22,VNP-LD/00075627,mnk0014cx,Metronet NT,Vũ Thế Ninh,Đã hoàn công,20/07/2026 08:15,Đã báo đơn vị thi công,,,,,
16/07/2026 10:22,VNP-LD/00075627,mnk0014cz,Metronet NT,Vũ Thế Ninh,Đã hoàn công,17/07/2026 15:17,Đã báo đơn vị thi công,,,,,
16/07/2026 10:22,VNP-LD/00075627,mnk0014d0,Metronet NT,Vũ Thế Ninh,Đã hoàn công,17/07/2026 08:19,Đã báo đơn vị thi công,,,,,
16/07/2026 10:23,VNP-TD/00096744,MW000021812,Megawan NT,Vũ Thế Ninh,Đã hoàn công,20/07/2026 08:15,Đã báo đơn vị thi công,,,,,
16/07/2026 10:26,VNP-TL/00067154,MW001321759,Megawan LT,Lê Đức Vinh,Đã hoàn công,16/07/2026 12:20,Đã chuyển VTT,,,,,
16/07/2026 10:28,VNP-TD/00096752,MN001040305,Metronet NT,Đào Anh Vũ,Đã hoàn công,16/07/2026 10:43,,,,,,
16/07/2026 10:30,VNP-TD/00096748,LL000025275,Kênh Thuê Riêng,Đào Anh Vũ,Đã hoàn công,20/07/2026 11:25,Chuyển SOC thực hiện ,Đã mail cảnh báo lần 1 - 20/07/2026 11:14,,,,
16/07/2026 10:31,VNP-TD/00096749,LL001041177,Kênh Thuê Riêng,Đào Anh Vũ,Đã hoàn công,20/07/2026 11:25,Chuyển SOC thực hiện ,Đã mail cảnh báo lần 1 - 20/07/2026 11:14,,,,
16/07/2026 10:31,VNP-TD/00096750,LL001041171,Kênh Thuê Riêng,Đào Anh Vũ,Đã hoàn công,20/07/2026 11:25,Chuyển SOC thực hiện ,Đã mail cảnh báo lần 1 - 20/07/2026 11:14,,,,
16/07/2026 10:31,VNP-TD/00096753,CQ000023696,Kênh Thuê Riêng,Đào Anh Vũ,Đã hoàn công,20/07/2026 11:25,Chuyển SOC thực hiện ,Đã mail cảnh báo lần 1 - 20/07/2026 11:14,,,,
16/07/2026 10:36,VNP-TD/00096742,MW000020411,Megawan NT,Nguyễn Duy Thành,Đã hoàn công,16/07/2026 15:14,,,,,,
16/07/2026 10:37,VNP-TD/00096745,MW000019999,Megawan NT,Lê Đức Vinh,Đã hoàn công,16/07/2026 13:57,Đã chuyển VTT,,,,,
16/07/2026 10:37,VNP-TD/00096746,MW000020120,Megawan NT,Lê Đức Vinh,Đã hoàn công,20/07/2026 08:40,Đã chuyển VTT,,,,,
16/07/2026 10:47,VNP-TD/00096755,MW000013673,Megawan NT,Đào Anh Vũ,Đã hoàn công,20/07/2026 11:26,Chuyển VTT thực hiện,Đã mail cảnh báo lần 1 - 20/07/2026 11:14,,,,
16/07/2026 10:47,VNP-TD/00096754,MW000013674,Megawan NT,Đào Anh Vũ,Đã hoàn công,20/07/2026 11:26,Chuyển VTT thực hiện,Đã mail cảnh báo lần 1 - 20/07/2026 11:14,,,,
16/07/2026 10:57,VNP-LD/00075631,vcm2cjq,Fiber,Ngô Thị Minh Phương,Đã hoàn công,16/07/2026 15:00,Lh các đơn vị để thực hiện,,,,,
16/07/2026 10:57,VNP-LD/00075631,vcm2ctm,Fiber,Ngô Thị Minh Phương,Đã hoàn công,17/07/2026 10:49,Lh các đơn vị để thực hiện kt 0912141527,,,,,
16/07/2026 10:57,VNP-LD/00075631,vcm2cdr,Fiber,Ngô Thị Minh Phương,Đã hoàn công,17/07/2026 10:49,Lh các đơn vị để thực hiện kt 0912660156 + 	0912403337,,,,,
16/07/2026 11:03,VNP-TL/00067157,MN001026217,Metronet NT,Đào Anh Vũ,Đã hoàn công,20/07/2026 08:02,Chuyển VTT thực hiện,,,,,
16/07/2026 11:04,VNP-TD/00096758,MW000013654,Megawan NT,Nguyễn Duy Thành,Đã hoàn công,16/07/2026 15:14,,,,,,
16/07/2026 11:13,VNP-TD/00096761,MW000013660,Megawan NT,Đào Anh Vũ,Đang xử lý,,"Lỗi phiếu, VT BNh thoái trả",Đã mail cảnh báo lần 1 - 20/07/2026 11:14,,,,
16/07/2026 11:13,BGG-TD/00449212,tsl-028217,Internet trực tiếp,Đào Anh Vũ,Đã hoàn công,20/07/2026 08:04,Chuyển SOC/ VTT thực hiện ,,,,,
16/07/2026 13:43,VNP-TD/00096764,MW000013762,Megawan NT,Đoàn Hải Hà,Đang xử lý,,"Lỗi phiếu về CBG kênh trắng, nhờ map và giao thi công",Đã mail cảnh báo lần 1 - 20/07/2026 14:14,,,,
16/07/2026 13:43,VNP-TD/00096765,MW000013760,Megawan NT,Đoàn Hải Hà,Đã hoàn công,17/07/2026 08:14,"Lỗi phiếu về CBG kênh trắng, nhờ map và giao thi công",,,,,
16/07/2026 13:43,VNP-TD/00096766,MW000013763,Megawan NT,Đoàn Hải Hà,Đã hoàn công,20/07/2026 09:06,"Lỗi phiếu về CBG kênh trắng, nhờ map và giao thi công",,,,,
16/07/2026 13:43,VNP-TD/00096767,MW000013765,Megawan NT,Đoàn Hải Hà,Đã hoàn công,20/07/2026 09:08,"Lỗi phiếu về CBG kênh trắng, nhờ map và giao thi công",,,,,
16/07/2026 13:43,VNP-TD/00096768,MW000013769,Megawan NT,Đoàn Hải Hà,Đang xử lý,,"Lỗi phiếu về CBG kênh trắng, nhờ map và giao thi công",Đã mail cảnh báo lần 1 - 20/07/2026 14:14,,,,
16/07/2026 13:47,51712,,Fiber,Đăng Văn Minh,Đã hoàn công,20/07/2026 08:28,Đã chuyển yêu cầu đến VTT,,,,,
16/07/2026 13:47,51713,,Fiber,Đăng Văn Minh,Đã hoàn công,17/07/2026 15:46,Đã chuyển yêu cầu đến VTT,,,,,
16/07/2026 13:48,VNP-LD/00075633,vcm2cip,Fiber,Ngô Thị Minh Phương,Đã hoàn công,16/07/2026 15:01,thoái trả do kh yêu cầu giao lại XSG PON,,,,,
16/07/2026 14:32,VNP-LD/00075636,fbr00ihy0,Fiber,Ngô Thị Minh Phương,Đã hoàn công,20/07/2026 08:23,khách hàng ở 81 Bạch Đằng -Chí Linh cũ kt 0943943223 +         0913277115,,,,,
16/07/2026 14:38,VNP-KP/00001037,mnk000z61,Metronet LT,Đào Anh Vũ,Đã hoàn công,16/07/2026 15:17,NET báo kênh đã thanh lý không khôi phục dữ liệu bên NET đc,,,,,
16/07/2026 14:38,VNP-KP/00001038,mnk000z6m,Metronet LT,Đào Anh Vũ,Đã hoàn công,16/07/2026 15:18,NET báo kênh đã thanh lý không khôi phục dữ liệu bên NET đc,,,,,
16/07/2026 14:42,VNP-TD/00096769,MW000013812,Megawan NT,Đào Anh Vũ,Đang xử lý,,Chuyển VTT thực hiện,Đã mail cảnh báo lần 1 - 20/07/2026 15:14,,,,
16/07/2026 14:42,VNP-TD/00096770,MW000013810,Megawan NT,Đào Anh Vũ,Đang xử lý,,Chuyển VTT thực hiện,Đã mail cảnh báo lần 1 - 20/07/2026 15:14,,,,
16/07/2026 14:42,VNP-TD/00096771,MW000013808,Megawan NT,Đào Anh Vũ,Đang xử lý,,Chuyển VTT thực hiện,Đã mail cảnh báo lần 1 - 20/07/2026 15:14,,,,
16/07/2026 14:42,VNP-TD/00096772,MW000013813,Megawan NT,Đào Anh Vũ,Đang xử lý,,"Phiếu kênh trắng, cho bán chéo hỗ trợ MAP kênh",Đã mail cảnh báo lần 1 - 20/07/2026 15:14,,,,
16/07/2026 14:42,VNP-TD/00096773,MW000013809,Megawan NT,Đào Anh Vũ,Đang xử lý,,"Phiếu kênh trắng, cho bán chéo hỗ trợ MAP kênh",Đã mail cảnh báo lần 1 - 20/07/2026 15:14,,,,
16/07/2026 14:42,VNP-TD/00096774,MW000013807,Megawan NT,Đào Anh Vũ,Đang xử lý,,"Phiếu kênh trắng, cho bán chéo hỗ trợ MAP kênh",Đã mail cảnh báo lần 1 - 20/07/2026 15:14,,,,
16/07/2026 14:43,VNP-TD/00096775,CQ000023696,Kênh Thuê Riêng,Đào Anh Vũ,Đã hoàn công,20/07/2026 08:19,"NET đã thực hiện, chờ hoàn thành phiếu",,,,,
16/07/2026 14:43,VNP-TD/00096776,LL000025275,Kênh Thuê Riêng,Đào Anh Vũ,Đã hoàn công,20/07/2026 08:19,"NET đã thực hiện, chờ hoàn thành phiếu",,,,,
16/07/2026 14:44,VNP-TD/00096777,LL001041177,Kênh Thuê Riêng,Đào Anh Vũ,Đã hoàn công,20/07/2026 08:19,"NET đã thực hiện, chờ hoàn thành phiếu",,,,,
16/07/2026 14:44,VNP-TD/00096778,LL001041171,Kênh Thuê Riêng,Đào Anh Vũ,Đã hoàn công,20/07/2026 08:19,"NET đã thực hiện, chờ hoàn thành phiếu",,,,,
16/07/2026 15:06,VNP-TL/00067163,MW000286911,Metronet NT,Đoàn Hải Hà,Đang xử lý,,Báo SOC thực hiệnn,Đã mail cảnh báo lần 1 - 20/07/2026 15:14,,,,
16/07/2026 15:07,VNP-TD/00096780,MW000399218,Metronet LT,Nguyễn Duy Thành,Đã hoàn công,16/07/2026 16:26,,,,,,
16/07/2026 15:11,VNP-TL/00067162,MW000007863,Megawan NT,Nguyễn Duy Thành,Đang xử lý,,AS chưa cung cấp đúng mã MEN để bán chéo map kênh,Đã mail cảnh báo lần 1 - 20/07/2026 15:14,,,,
16/07/2026 15:42,VNP-TL/00067167,cty484012_ts,Fiber,Đăng Văn Minh,Đang xử lý,,Đã chuyển yêu cầu đến VTT,Đã mail cảnh báo lần 1 - 20/07/2026 16:14,,,,
16/07/2026 16:11,VNP-LD/00075645,fbr00iimf,Fiber,Ngô Thị Minh Phương,Đã hoàn công,20/07/2026 08:24,Lh các đơn vị để thực hiện kt 0913313004,,,,,
16/07/2026 16:13,V06/TD/260716/00126,mwk000spw,Megawan LT,Đào Anh Vũ,Đã hoàn công,20/07/2026 08:07,Chuyển SOC/ VTT thực hiện ,,,,,
16/07/2026 16:18,VNP-LD/00075644,mnk0014h8,Metronet LT,Đào Anh Vũ,Đã hoàn công,20/07/2026 08:08,Chuyển SOC/ VTT thực hiện ,,,,,
16/07/2026 16:18,VNP-LD/00075648,mnk0014hm,Metronet LT,Đào Anh Vũ,Đã hoàn công,20/07/2026 08:08,Chuyển SOC/ VTT thực hiện ,,,,,
16/07/2026 16:22,VNP-LD/00075649,fbr00iinw,Fiber,Ngô Thị Minh Phương,Đã hoàn công,17/07/2026 11:53,Lh các đơn vị để thực hiện kt 0916687866 + 0917763839,,,,,
16/07/2026 16:56,VNP-TD/00096783,DI000003560,Internet trực tiếp,Vũ Thế Ninh,Đã hoàn công,17/07/2026 15:23,Đã báo đơn vị thi công,,,,,
17/07/2026 08:13,VNP-TD/00096789,MW000020294,Megawan NT,Đào Anh Vũ,Đã hoàn công,20/07/2026 08:08,Chuyển VTT thực hiện,,,,,
17/07/2026 08:13,VNP-TD/00096790,MW000020328,Megawan NT,Đào Anh Vũ,Đã hoàn công,20/07/2026 08:08,Chuyển VTT thực hiện,,,,,
17/07/2026 08:13,VNP-TD/00096791,MW000020329,Megawan NT,Đào Anh Vũ,Đã hoàn công,20/07/2026 08:08,Chuyển VTT thực hiện,,,,,
17/07/2026 08:13,VNP-TD/00096792,MW000020327,Megawan NT,Đào Anh Vũ,Đang xử lý,,"Phiếu kênh trắng, cho bán chéo hỗ trợ MAP kênh",,,,,
17/07/2026 08:13,VNP-TD/00096793,MW000020330,Megawan NT,Đào Anh Vũ,Đã hoàn công,20/07/2026 08:09,Chuyển VTT thực hiện,,,,,
17/07/2026 08:13,VNP-TD/00096794,MW000388422,Megawan NT,Đào Anh Vũ,Đã hoàn công,20/07/2026 08:10,Chuyển VTT thực hiện,,,,,
17/07/2026 08:13,VNP-TD/00096795,MW000287463,Megawan NT,Đào Anh Vũ,Đã hoàn công,20/07/2026 08:10,Chuyển VTT thực hiện,,,,,
17/07/2026 08:13,VNP-TD/00096796,MW000020363,Megawan NT,Đào Anh Vũ,Đã hoàn công,20/07/2026 08:10,Chuyển VTT thực hiện,,,,,
17/07/2026 08:13,VNP-TD/00096797,MW000019783,Megawan NT,Đào Anh Vũ,Đang xử lý,,"Phiếu kênh trắng, cho bán chéo hỗ trợ MAP kênh",,,,,
17/07/2026 08:14,BGG-DV/00315816,tsl-028217,Internet trực tiếp,Đào Anh Vũ,Đang xử lý,,"NET đã thực hiện, chờ hoàn thành phiếu",,,,,
17/07/2026 08:15,VNP-TD/00096783,DI000003560,Internet trực tiếp,Vũ Thế Ninh,Đã hoàn công,17/07/2026 15:23,,,,,,
17/07/2026 08:16,VNP-TD/00096787,dia000lfy,Internet trực tiếp,Đoàn Hải Hà,Đã hoàn công,17/07/2026 16:08,,,,,,
17/07/2026 08:16,51719,,Internet trực tiếp,Đoàn Hải Hà,Đã hoàn công,20/07/2026 09:16,,,,,,
17/07/2026 08:17,51718,,Fiber,Đoàn Hải Hà,Đã hoàn công,20/07/2026 09:16,,,,,,
17/07/2026 08:19,51721,,Fiber,Đăng Văn Minh,Đã hoàn công,17/07/2026 09:48,Đã chuyển yêu cầu đến VTT,,,,,
17/07/2026 08:19,51720,,Fiber,Đăng Văn Minh,Đã hoàn công,17/07/2026 09:48,Đã chuyển yêu cầu đến VTT,,,,,
17/07/2026 08:31,VNP-LD/00075650,fbr00iira,Fiber,Ngô Thị Minh Phương,Đã hoàn công,20/07/2026 08:23,Lh các đơn vị để thực hiện kt   0912762899 + 	0915673666,,,,,
17/07/2026 08:31,VNP-LD/00075651,fbr00iisu,Fiber,Ngô Thị Minh Phương,Đã hoàn công,20/07/2026 08:24,thoái trả kh hẹn do mặt bằng chưa chuẩn bị xong nên chưa biết bh thi công có gì sé báo lại kt kt đã báo lại nvkd kt         0888068111,,,,,
17/07/2026 08:31,VNP-LD/00075652,fbr00iiup,Fiber,Ngô Thị Minh Phương,Đã hoàn công,20/07/2026 08:24,Lh các đơn vị để thực hiện kt 0913128356 + 	0943225958	,,,,,
17/07/2026 10:09,VNP-TD/00096799,MW000013667,Metronet NT,Đào Anh Vũ,Đã hoàn công,20/07/2026 08:11,Chuyển VTT thực hiện,,,,,
17/07/2026 10:22,51723,,Internet trực tiếp,Lê Đức Vinh,Đang xử lý,,Đã chuyển VTT,,,,,
17/07/2026 10:24,51724,,Megawan NT,Lương Tuấn Thanh,Đang xử lý,,,,,,,
17/07/2026 10:33,51725,,Internet trực tiếp,Đăng Văn Minh,Đang xử lý,,Đã chuyển yêu cầu đến VTT,,,,,
17/07/2026 10:37,51726,,Internet trực tiếp,Đăng Văn Minh,Đã hoàn công,17/07/2026 16:27,Đã chuyển yêu cầu đến VTT,,,,,
17/07/2026 10:37,51727,,Internet trực tiếp,Đăng Văn Minh,Đã hoàn công,17/07/2026 16:26,Đã chuyển yêu cầu đến VTT,,,,,
17/07/2026 10:48,VNP-LD/00075666,tshph10645,Fiber,Tạ Lê Hoa,Đang xử lý,,Lh các đơn vị để thực hiện ,,,,,
17/07/2026 10:50,NAN-LD/00921761,dia000t2s,Internet trực tiếp,Lê Đức Vinh,Đang xử lý,,Đã chuyển VTT,,,,,
17/07/2026 10:53,VNP-LD/00075670,cmcghn44dodonghn,Fiber,Tạ Lê Hoa,Đang xử lý,,Lh các đơn vị để thực hiện ,,,,,
17/07/2026 11:16,VNP-TD/00096800,MN001210840,Metronet NT,Vũ Thế Ninh,Đã hoàn công,20/07/2026 08:17,,,,,,
17/07/2026 11:20,VNP-DC/00015913,MW000021816,Megawan NT,Vũ Thế Ninh,Đã hoàn công,20/07/2026 08:17,,,,,,
17/07/2026 11:22,VNP-LD/00075673,vcm2cjj,Fiber,Lý Bích Hằng,Đã hoàn công,20/07/2026 14:26,,,,,,
17/07/2026 11:22,VNP-LD/00075673,vcm2cou,Fiber,Lý Bích Hằng,Đã hoàn công,20/07/2026 14:26,,,,,,
17/07/2026 11:22,VNP-LD/00075673,vcm2cgo,Fiber,Lý Bích Hằng,Đang xử lý,,Đã báo đơn vị thi công,,,,,
17/07/2026 11:23,VNP-LD/00075657,mwk000t2f,Megawan NT,Đăng Văn Minh,Đã hoàn công,20/07/2026 14:26,,,,,,
17/07/2026 11:23,VNP-LD/00075660,mwk000t2q,Megawan NT,Đăng Văn Minh,Đã hoàn công,20/07/2026 08:22,Đã chuyển yêu cầu đến VTT,,,,,
17/07/2026 11:23,VNP-LD/00075664,mwk000t3i,Megawan NT,Đăng Văn Minh,Đang xử lý,,"Mr Thọ tổ trưởng TKTĐB báo tổ đang quá nhiều việc chưa bố trí được nhân sự triển khai, hẹn chiều 20/7 bố trí nhân sự triển khai",,,,,
17/07/2026 11:23,VNP-LD/00075667,mwk000t3s,Megawan NT,Đăng Văn Minh,Đang xử lý,,"Mr Thọ tổ trưởng TKTĐB báo tổ đang quá nhiều việc chưa bố trí được nhân sự triển khai, hẹn chiều 20/7 bố trí nhân sự triển khai",,,,,
17/07/2026 11:23,VNP-LD/00075668,mwk000t44,Megawan NT,Đăng Văn Minh,Đang xử lý,,"Mr Thọ tổ trưởng TKTĐB báo tổ đang quá nhiều việc chưa bố trí được nhân sự triển khai, hẹn chiều 20/7 bố trí nhân sự triển khai",,,,,
17/07/2026 11:24,HK7/TD/260717/00051,MW001294576,Megawan LT,Đoàn Hải Hà,Đang xử lý,,"Mr Thọ tổ trưởng TKTĐB báo tổ đang quá nhiều việc chưa bố trí được nhân sự triển khai, hẹn chiều 20/7 bố trí nhân sự triển khai",,,,,
17/07/2026 11:24,HK7/TD/260717/00049,MW001294570,Megawan LT,Đoàn Hải Hà,Đã hoàn công,17/07/2026 13:56,,,,,,
17/07/2026 11:24,HK7/TD/260717/00048,MW001294564,Megawan LT,Đoàn Hải Hà,Đã hoàn công,17/07/2026 13:56,,,,,,
17/07/2026 11:24,HK7/TD/260717/00044,MW001294549,Megawan LT,Đoàn Hải Hà,Đã hoàn công,17/07/2026 13:56,,,,,,
17/07/2026 13:51,VNP-LD/00075680,vcm2cnl,Fiber,Đăng Văn Minh,Đã hoàn công,17/07/2026 13:56,,,,,,
17/07/2026 13:51,VNP-LD/00075680,vcm2cmi,Fiber,Đăng Văn Minh,Đang xử lý,,"Khách hàng_Khách hàng chưa xong hạ tầng_Thoái trả do: cửa hàng mới đang tháo dỡ để sửa chữa, chưa triển khai được",,,,,
17/07/2026 13:51,VNP-LD/00075680,vcm2cbq,Fiber,Đăng Văn Minh,Đang xử lý,,"Khách hàng_Khách hàng chưa xong hạ tầng_đã kéo cáp xong, cửa hàng đang sửa chữa, chưa có điện",,,,,
17/07/2026 13:51,VNP-LD/00075680,vcm2cmx,Fiber,Đăng Văn Minh,Đã hoàn công,20/07/2026 08:24,Đã chuyển yêu cầu đến VTT,,,,,
17/07/2026 13:55,VNP-LD/00075678,mwk000tch,Megawan NT,Vũ Thế Ninh,Đang xử lý,,"Khách hàng_Khách hàng chưa xong hạ tầng_cửa hàng đang sửa chữa, chưa có điện",,,,,
17/07/2026 13:55,VNP-LD/00075676,mwk000tbo,Megawan NT,Vũ Thế Ninh,Đang xử lý,,Đã báo đơn vị thi công,,,,,
17/07/2026 13:55,VNP-LD/00075677,mwk000tc7,Megawan NT,Vũ Thế Ninh,Đang xử lý,,Đã báo đơn vị thi công,,,,,
17/07/2026 13:55,VNP-LD/00075674,mwk000t4n,Megawan NT,Vũ Thế Ninh,Đang xử lý,,Đã báo đơn vị thi công,,,,,
17/07/2026 13:55,VNP-LD/00075675,mwk000t8l,Megawan NT,Vũ Thế Ninh,Đang xử lý,,Đã báo đơn vị thi công,,,,,
17/07/2026 14:01,VNP-TD/00096801,MW000013660,Megawan NT,Đào Anh Vũ,Đang xử lý,,Đã báo đơn vị thi công,,,,,
17/07/2026 14:03,VNP-DC/00015917,mnk000h7h,Metronet NT,Đoàn Hải Hà,Đang xử lý,,Chuyển VTT thực hiện,,,,,
17/07/2026 14:06,VNP-LD/00075684,vcm2cmk,Fiber,Đăng Văn Minh,Đã hoàn công,20/07/2026 08:56,Báo VPC dịch chuyển cho khách hàng,,,,,
17/07/2026 14:08,VNP-TD/00096803,MW000013749,Megawan NT,Đào Anh Vũ,Đã hoàn công,20/07/2026 08:24,Đã chuyển yêu cầu đến VTT,,,,,
17/07/2026 14:08,VNP-TD/00096802,MW000013666,Megawan NT,Đào Anh Vũ,Đã hoàn công,20/07/2026 08:12,Chuyển VTT thực hiện,,,,,
17/07/2026 15:21,VNP-LH/00002616,MN000014247,Metronet LT,Đoàn Hải Hà,Đã hoàn công,20/07/2026 08:13,Chuyển VTT thực hiện,,,,,
17/07/2026 16:33,VNP-DC/00015918,lci0058000040942,Fiber,Vũ Thế Ninh,Đã hoàn công,20/07/2026 16:45,Đã chuyển port xong cho khách hàng. Lỗi phiếu chưa hoàn công được,,,,,
17/07/2026 16:37,VNP-TL/00067176,tramsac-hno0040,Fiber,Đăng Văn Minh,Đã hoàn công,20/07/2026 08:17,Đã báo đơn vị thi công,,,,,
17/07/2026 16:37,VNP-TL/00067178,tramsac-hno0104,Fiber,Đăng Văn Minh,Đã hoàn công,20/07/2026 08:38,Đã chuyển yêu cầu đến VTT,,,,,
17/07/2026 16:37,VNP-TL/00067180,tramsac_hno0371,Fiber,Đăng Văn Minh,Đã hoàn công,20/07/2026 08:38,Đã chuyển yêu cầu đến VTT,,,,,
17/07/2026 16:37,VNP-TL/00067191,tramsac_ybi0030,Fiber,Đăng Văn Minh,Đã hoàn công,20/07/2026 08:37,Đã chuyển yêu cầu đến VTT,,,,,
17/07/2026 16:37,VNP-TL/00067192,tramsac-qni0068,Fiber,Đăng Văn Minh,Đã hoàn công,20/07/2026 08:20,Đã chuyển yêu cầu đến VTT,,,,,
17/07/2026 16:37,VNP-LD/00075695,fbr00ilhy,Fiber,Đăng Văn Minh,Đã hoàn công,20/07/2026 08:20,Đã chuyển yêu cầu đến VTT,,,,,
17/07/2026 16:37,VNP-LD/00075687,vcm2cjn,Fiber,Đăng Văn Minh,Đang xử lý,,"kỹ thuật khảo sát rồi, báo lại là chưa có hạ tầng cáp vào khu này, Đang phối hợp với Hạ Tầng để tìm phương án kéo cáp",,,,,
17/07/2026 16:37,VNP-LD/00075687,vcm2cpo,Fiber,Đăng Văn Minh,Đang xử lý,,"KTV đến triển khai khách hàng đóng cửa không vào triển khai được, KTV dự kiến chiều 20/7 quay lại",,,,,
17/07/2026 16:40,VNP-TD/00096813,MW000013792,Megawan NT,Đoàn Hải Hà,Đang xử lý,,Khách hàng_Khách hàng chưa xong hạ tầng_cửa hàng mới đang phá dỡ để sửa chữa chưa biết khi nào xong,,,,,
17/07/2026 16:40,VNP-TD/00096814,MW000013793,Megawan NT,Đoàn Hải Hà,Đang xử lý,,"Lỗi phiếu về SLA, đang nhờ IT map và giao",,,,,
17/07/2026 16:40,VNP-TD/00096810,MW000013799,Megawan NT,Đoàn Hải Hà,Đang xử lý,,"Lỗi phiếu về SLA, đang nhờ IT map và giao",,,,,
17/07/2026 16:40,VNP-TD/00096811,MW000013794,Megawan NT,Đoàn Hải Hà,Đang xử lý,,"Lỗi phiếu về SLA, đang nhờ IT map và giao",,,,,
17/07/2026 16:40,VNP-TD/00096812,MW000013797,Megawan NT,Đoàn Hải Hà,Đang xử lý,,"Lỗi phiếu về SLA, đang nhờ IT map và giao",,,,,
17/07/2026 16:43,VNP-TD/00096809,MW000013736,Megawan NT,Vũ Thế Ninh,Đã hoàn công,20/07/2026 14:15,,,,,,
17/07/2026 16:43,VNP-TD/00096807,MW000013737,Megawan NT,Vũ Thế Ninh,Đã hoàn công,20/07/2026 08:17,,,,,,
17/07/2026 16:43,VNP-TD/00096808,MW000013739,Megawan NT,Vũ Thế Ninh,Đang xử lý,,Lỗi phiếu bán chéo TNN đang nhờ IT xử lý,,,,,
17/07/2026 16:43,VNP-TD/00096806,MW000013735,Megawan NT,Vũ Thế Ninh,Đang xử lý,,Lỗi phiếu bán chéo TNN đang nhờ IT xử lý,,,,,
17/07/2026 16:45,VNP-TD/00096805,MW000013756,Megawan NT,Nguyễn Duy Thành,Đang xử lý,,Lỗi phiếu bán chéo TNN đang nhờ IT xử lý,,,,,
17/07/2026 16:45,VNP-TD/00096804,MW000013753,Megawan NT,Nguyễn Duy Thành,Đã hoàn công,20/07/2026 08:22,đã báo các đơn vị,,,,,
17/07/2026 16:47,VNP-TD/00096815,MW000013304,Megawan NT,Lê Đức Vinh,Đã hoàn công,20/07/2026 08:22,đã báo các đơn vị,,,,,
17/07/2026 16:47,VNP-LD/00075700,mwk000tfk,Megawan NT,Lê Đức Vinh,Đang xử lý,,"Khách hàng mới chỉ yêu cầu kéo cáp chờ. Các thiết bị, vật tư, hạ tầng bên Khách hàng 01 tháng nữa mới hoàn thiện. Lúc đó mới lắp đặt. ",,,,,
17/07/2026 16:48,VNP-LD/00075698,mwk000tfa,Megawan LT,Đào Anh Vũ,Đang xử lý,,Chuyển VTT thực hiện,,,,,
17/07/2026 16:49,51730,,Megawan LT,Đào Anh Vũ,Đang xử lý,,Chuyển SOC/ VTT thực hiện ,,,,,
17/07/2026 16:56,HPG-TD/00909521,DI001044952,Internet trực tiếp,Đoàn Hải Hà,Đang xử lý,,Chuyển VTT thực hiện,,,,,
17/07/2026 16:56,VNP-LD/00075691,dia000tdm,Internet trực tiếp,Đoàn Hải Hà,Đã hoàn công,20/07/2026 14:15,,,,,,
17/07/2026 16:59,VNP-LD/00075705,mnk0014jl,Metronet NT,Đoàn Hải Hà,Đã hoàn công,20/07/2026 08:57,,,,,,
17/07/2026 16:59,VNP-LD/00075703,mnk0014ja,Metronet NT,Đoàn Hải Hà,Đang xử lý,,Báo HBH triển khai kênh cho Công An Tỉnh,,,,,
17/07/2026 16:59,V06/DC/260717/00032,MN001311019,Metronet LT,Vũ Thế Ninh,Đang xử lý,,Đã báo đơn vị thi công,,,,,
17/07/2026 16:59,V06/DC/260716/00053,MN001311027,Metronet LT,Vũ Thế Ninh,Đang xử lý,,Đã báo đơn vị thi công,,,,,
20/07/2026 08:18,VNP-LD/00075727,mnk0014jx,Metronet LT,Lương Tuấn Thanh,Đang xử lý,,Đã báo đơn vị thi công,,,,,
20/07/2026 08:46,VNP-LD/00075673,vcm2cgx,Fiber,Ngô Thị Minh Phương,Đang xử lý,,"Phiếu chuyển cuối ngày Thứ 7 nên chưa triển khai được.
 - Trời đang mưa to nên khoảng chiều ngớt sẽ triển khai",,,,,
20/07/2026 08:46,VNP-LD/00075736,fbr00itc9,Fiber,Ngô Thị Minh Phương,Đang xử lý,,LH các đơn vị để thực hiện ,,,,,
20/07/2026 08:46,VNP-LD/00075293,fbr00hsx3,Fiber,Ngô Thị Minh Phương,Đã hoàn công,20/07/2026 14:40,LH các đơn vị để thực hiện kt 0945017799 +0913286426,,,,,
20/07/2026 08:46,VNP-LD/00075729,fbr00irir,Fiber,Ngô Thị Minh Phương,Đang xử lý,,LH các đơn vị để thực hiện kt 0916855588 +0915043388,,,,,
20/07/2026 08:46,VNP-LD/00075728,fbr00irin,Fiber,Ngô Thị Minh Phương,Đã hoàn công,20/07/2026 14:40,LH các đơn vị để thực hiện ,,,,,
20/07/2026 08:46,VNP-LD/00075714,fbr00in6q,Fiber,Ngô Thị Minh Phương,Đã hoàn công,20/07/2026 10:44,LH các đơn vị để thực hiện ,,,,,
20/07/2026 08:46,VNP-LD/00075712,fbr00in60,Fiber,Ngô Thị Minh Phương,Đã hoàn công,20/07/2026 10:44,"thoái trả Sai thông tin KH, địa chỉ đúng: dọc trục chính Thôn 7 xã Hát Môn, TP Hà Nội",,,,,
20/07/2026 08:46,VNP-LD/00075716,fbr00ina3,Fiber,Ngô Thị Minh Phương,Đã hoàn công,20/07/2026 10:45,thoái trả chờ thông cổng dẫn tín hiệu,,,,,
20/07/2026 08:46,VNP-LD/00075717,fbr00inaa,Fiber,Ngô Thị Minh Phương,Đang xử lý,,LH các đơn vị để thực hiện ,,,,,
20/07/2026 08:46,VNP-LD/00075722,fbr00inb9,Fiber,Ngô Thị Minh Phương,Đã hoàn công,20/07/2026 14:41,Thoái trả,,,,,
20/07/2026 08:47,51740,,Fiber,Lý Bích Hằng,Đã hoàn công,20/07/2026 10:45,LH các đơn vị để thực hiện ,,,,,
20/07/2026 08:47,51739,,Fiber,Lý Bích Hằng,,,Nguyễn Văn Chiến         0941992222 báo gọi Phong 0916888573 ( địa bàn 2),941992222,,,,
20/07/2026 08:49,51735,,Fiber,Tạ Lê Hoa,,,,,,,,
20/07/2026 08:49,VNP-LD/00075708,gsmocp1,Fiber,Tạ Lê Hoa,Đang xử lý,,Lh các đơn vị để thực hiện ,,,,,
20/07/2026 08:49,51733,,Fiber,Tạ Lê Hoa,Đang xử lý,,20/7 gọi anh ,,,,,
20/07/2026 09:24,VNP-TD/00096819,MW000013714,Megawan NT,Đoàn Hải Hà,Đang xử lý,,Lỗi phiếu; Về PTO kênh trắng chưa giao thi công được,,,,,
20/07/2026 09:24,VNP-TD/00096820,MW000013720,Megawan NT,Đoàn Hải Hà,Đang xử lý,,Lỗi phiếu; Về PTO kênh trắng chưa giao thi công được,,,,,
20/07/2026 09:24,VNP-TD/00096821,MW000013725,Megawan NT,Đoàn Hải Hà,Đang xử lý,,Lỗi phiếu; Về PTO kênh trắng chưa giao thi công được,,,,,
20/07/2026 09:24,VNP-TD/00096822,MW000013717,Megawan NT,Đoàn Hải Hà,Đang xử lý,,Lỗi phiếu; Về PTO kênh trắng chưa giao thi công được,,,,,
20/07/2026 09:24,VNP-TD/00096823,MW000013715,Megawan NT,Đoàn Hải Hà,Đang xử lý,,Lỗi phiếu; Về PTO kênh trắng chưa giao thi công được,,,,,
20/07/2026 09:24,VNP-TD/00096824,MW000013716,Megawan NT,Đoàn Hải Hà,Đang xử lý,,Lỗi phiếu; Về PTO kênh trắng chưa giao thi công được,,,,,
20/07/2026 09:25,VNP-LD/00075740,vcm2cij,Fiber,Đăng Văn Minh,Đang xử lý,,Lỗi phiếu; Về PTO kênh trắng chưa giao thi công được,,,,,
20/07/2026 09:25,VNP-LD/00075740,vcm2coq,Fiber,Đăng Văn Minh,Đang xử lý,,Đã chuyển yêu cầu đến VTT,,,,,
20/07/2026 09:25,VNP-LD/00075740,vcm2coi,Fiber,Đăng Văn Minh,Đang xử lý,,Đã chuyển yêu cầu đến VTT,,,,,
20/07/2026 09:25,VNP-LD/00075740,vcm2cni,Fiber,Đăng Văn Minh,Đang xử lý,,Đã chuyển yêu cầu đến VTT,,,,,
20/07/2026 09:25,VNP-LD/00075740,vcm2cnb,Fiber,Đăng Văn Minh,Đang xử lý,,Đã chuyển yêu cầu đến VTT,,,,,
20/07/2026 09:25,VNP-LD/00072424,vcm2bvb,Fiber,Lý Bích Hằng,Đang xử lý,,Đã chuyển yêu cầu đến VTT,,,,,
20/07/2026 09:25,VNP-LD/00075738,vcm2coj,Fiber,Lương Tuấn Thanh,Đã hoàn công,20/07/2026 11:27,,,,,,
20/07/2026 09:25,VNP-LD/00075738,vcm2cip,Fiber,Lương Tuấn Thanh,,,,,,,,
20/07/2026 09:29,VNP-LD/00075177,vcm2cld,Fiber,Tạ Lê Hoa,,,,,,,,
20/07/2026 09:29,VNP-LD/00075745,vcm2cmc,Fiber,Tạ Lê Hoa,Đang xử lý,,20/7 gọi anh Nguyễn Đình Nam - 0945015015 đã kéo dây cho KH rồi,,,,,
20/07/2026 13:32,V06/LD/260720/02518,dia000thy,Internet trực tiếp,Nguyễn Duy Thành,Đang xử lý,,,,,,,
20/07/2026 13:32,V06/LD/260720/02518,dia000ti3,Internet trực tiếp,Nguyễn Duy Thành,Đang xử lý,,,,,,,
20/07/2026 13:34,VNP-TD/00096852,MW000013286,Megawan NT,Lê Đức Vinh,Đã hoàn công,20/07/2026 16:33,,,,,,
20/07/2026 13:34,VNP-TD/00096854,MW000013291,Megawan NT,Lê Đức Vinh,Đã hoàn công,20/07/2026 16:33,Đã chuyển VTT,,,,,
20/07/2026 13:34,VNP-TD/00096856,MW000013294,Megawan NT,Lê Đức Vinh,Đã hoàn công,20/07/2026 16:33,Đã chuyển VTT,,,,,
20/07/2026 13:34,VNP-TD/00096850,MW000013289,Megawan NT,Lê Đức Vinh,Đã hoàn công,20/07/2026 16:34,Đã chuyển VTT,,,,,
20/07/2026 13:36,VNP-TD/00096861,MW000013782,Megawan NT,Đoàn Hải Hà,Đang xử lý,,Báo HBH nâng cấp,,,,,
20/07/2026 13:36,VNP-TD/00096826,MW000013786,Megawan NT,Đoàn Hải Hà,Đang xử lý,,Lỗi phiếu; Về HBH kênh trắng chưa giao thi công được,,,,,
20/07/2026 13:38,VNP-TD/00096831,MW000286223,Megawan NT,Vũ Thế Ninh,Đang xử lý,,Đã báo đơn vị thi công,,,,,
20/07/2026 13:38,VNP-TD/00096832,MW000013803,Megawan NT,Vũ Thế Ninh,Đang xử lý,,Đã báo các đơn vị,,,,,
20/07/2026 13:38,VNP-TD/00096842,MW000013627,Megawan NT,Vũ Thế Ninh,Đang xử lý,,Đã báo các đơn vị,,,,,
20/07/2026 13:38,VNP-TD/00096843,MW000013806,Megawan NT,Vũ Thế Ninh,Đang xử lý,,Đã báo các đơn vị,,,,,
20/07/2026 13:38,VNP-TD/00096845,MW000013801,Megawan NT,Vũ Thế Ninh,Đang xử lý,,Đã báo các đơn vị,,,,,
20/07/2026 13:38,VNP-TD/00096846,MW000013800,Megawan NT,Vũ Thế Ninh,Đang xử lý,,Đã báo các đơn vị,,,,,
20/07/2026 13:38,VNP-TD/00096847,MW000013805,Megawan NT,Vũ Thế Ninh,Đang xử lý,,Đã báo các đơn vị,,,,,
20/07/2026 13:39,VNP-TD/00096825,MW000013709,Megawan NT,Đoàn Hải Hà,Đang xử lý,,Lỗi phiếu; Về VPC kênh trắng chưa giao thi công được,,,,,
20/07/2026 13:40,VNP-TD/00096848,MW001112330,Megawan NT,Nguyễn Duy Thành,Đang xử lý,,Lỗi phiếu; Về VPC kênh trắng chưa giao thi công được,,,,,
20/07/2026 13:40,VNP-TD/00096827,MW000013746,Megawan NT,Nguyễn Duy Thành,Đã hoàn công,20/07/2026 14:07,,,,,,
20/07/2026 13:40,VNP-TD/00096828,MW000013778,Megawan NT,Nguyễn Duy Thành,Đang xử lý,,,,,,,
20/07/2026 13:40,VNP-TD/00096829,MW000013776,Megawan NT,Nguyễn Duy Thành,Đang xử lý,,,,,,,
20/07/2026 13:40,VNP-TD/00096830,MW000013772,Megawan NT,Nguyễn Duy Thành,Đang xử lý,,,,,,,
20/07/2026 13:41,VNP-TD/00096797,MW000019783,Megawan NT,Đào Anh Vũ,Đang xử lý,,"Phiếu kênh trắng, cho bán chéo hỗ trợ MAP kênh",,,,,
20/07/2026 13:41,VNP-TL/00067218,MW000020326,Megawan NT,Đào Anh Vũ,Đang xử lý,,"Phiếu kênh trắng, cho bán chéo hỗ trợ MAP kênh",,,,,
20/07/2026 13:42,VNP-TL/00067215,MW000387646,Megawan NT,Đăng Văn Minh,,,,,,,,
20/07/2026 13:43,51755,,Megawan NT,Đăng Văn Minh,,,,,,,,
20/07/2026 13:43,51754,,Megawan NT,Đăng Văn Minh,,,,,,,,
20/07/2026 13:43,51753,,Megawan NT,Đăng Văn Minh,,,,,,,,
20/07/2026 13:46,VNP-TD/00096838,CQ000023696,Kênh Thuê Riêng,Vũ Thế Ninh,Đang xử lý,,Đã báo các đơn vị,,,,,
20/07/2026 13:46,VNP-TD/00096839,LL000025275,Kênh Thuê Riêng,Vũ Thế Ninh,Đang xử lý,,Đã báo các đơn vị,,,,,
20/07/2026 13:46,VNP-TD/00096840,LL001041177,Kênh Thuê Riêng,Vũ Thế Ninh,Đang xử lý,,Đã báo các đơn vị,,,,,
20/07/2026 13:46,VNP-TD/00096841,LL001041171,Kênh Thuê Riêng,Vũ Thế Ninh,Đang xử lý,,Đã báo các đơn vị,,,,,
20/07/2026 13:55,VNP-LD/00075774,fbr00iuvx,Fiber,Đăng Văn Minh,,,,,,,,
20/07/2026 13:59,VNP-LD/00075769,fbr00iuoc,Fiber,Ngô Thị Minh Phương,Đang xử lý,,LH các đơn vị để thực hiện ,,,,,
20/07/2026 13:59,VNP-LD/00075765,fbr00iuki,Fiber,Ngô Thị Minh Phương,Đang xử lý,,LH các đơn vị để thực hiện ,,,,,
20/07/2026 13:59,VNP-LD/00075763,fbr00iudy,Fiber,Đăng Văn Minh,Đang xử lý,,LH các đơn vị để thực hiện ,,,,,
20/07/2026 13:59,VNP-LD/00075759,fbr00iu9u,Fiber,Ngô Thị Minh Phương,Đang xử lý,,LH các đơn vị để thực hiện ,,,,,
20/07/2026 13:59,VNP-LD/00075750,fbr00itym,Fiber,Ngô Thị Minh Phương,Đang xử lý,,LH các đơn vị để thực hiện ,,,,,
20/07/2026 14:03,VNP-TD/00096833,MW000389304,Metronet LT,Đoàn Hải Hà,Đã hoàn công,20/07/2026 14:36,LH các đơn vị để thực hiện ,,,,,
20/07/2026 14:06,VNP-TD/00096835,MW000389276,Metronet LT,Vũ Thế Ninh,Đang xử lý,,Đã báo các đơn vị,,,,,
20/07/2026 14:07,VNP-TD/00096837,MN001261102,Metronet LT,Đào Anh Vũ,Đang xử lý,,Chuyển VTT thực hiện,,,,,
20/07/2026 14:07,VNP-TD/00096836,MW000391208,Metronet LT,Đào Anh Vũ,Đang xử lý,,Chuyển VTT thực hiện,,,,,
20/07/2026 14:07,VNP-TD/00096834,MW000391201,Metronet LT,Đào Anh Vũ,Đang xử lý,,Chuyển VTT thực hiện,,,,,
20/07/2026 14:21,VNP-TD/00096875,MW000389272,Metronet LT,Đào Anh Vũ,Đang xử lý,,Chuyển VTT thực hiện,,,,,
20/07/2026 14:22,VNP-TD/00096877,MW000391204,Metronet LT,Đào Anh Vũ,Đang xử lý,,Chuyển VTT thực hiện,,,,,
20/07/2026 14:24,51751,,Metronet NT,Đăng Văn Minh,,,,,,,,
20/07/2026 14:25,VNP-LD/00075777,tshti0207,Fiber,Lý Bích Hằng,,,Phan Cẩm Tú - 0919079678,,,,,
20/07/2026 14:32,VNP-LD/00075779,fbr00iv8a,Fiber,Đăng Văn Minh,,,,,,,,
20/07/2026 14:33,VNP-LD/00075775,fbr00iv4i,Fiber,Đăng Văn Minh,,,,,,,,
20/07/2026 15:13,VNP-LD/00073936,vcm2cgf,Fiber,Lý Bích Hằng,,,,,,,,
20/07/2026 15:13,VNP-LD/00073936,vcm2cib,Fiber,Lý Bích Hằng,,,,,,,,
20/07/2026 15:13,VNP-LD/00073936,vcm2cap,Fiber,Lý Bích Hằng,,,,,,,,
20/07/2026 15:17,VNP-LD/00075785,vcm2cmw,Fiber,Tạ Lê Hoa,,,,,,,,
20/07/2026 15:17,VNP-LD/00075785,vcm2coz,Fiber,Tạ Lê Hoa,,,,,,,,
20/07/2026 15:19,VNP-TD/00096886,MN000014243,Metronet LT,Nguyễn Duy Thành,,,,,,,,
20/07/2026 15:22,VNP-DC/00015921,dia000od2,Internet trực tiếp,Nguyễn Duy Thành,,,,,,,,
20/07/2026 15:48,VNP-TD/00096899,CQ000023696,Kênh Thuê Riêng,Vũ Thế Ninh,Đang xử lý,,Đã báo các đơn vị,,,,,
20/07/2026 15:48,VNP-TD/00096900,LL000025275,Kênh Thuê Riêng,Vũ Thế Ninh,Đang xử lý,,Đã báo các đơn vị,,,,,
20/07/2026 15:48,VNP-TD/00096902,LL001041177,Kênh Thuê Riêng,Vũ Thế Ninh,Đang xử lý,,Đã báo các đơn vị,,,,,
20/07/2026 15:48,VNP-TD/00096903,LL001041171,Kênh Thuê Riêng,Vũ Thế Ninh,Đang xử lý,,Đã báo các đơn vị,,,,,
20/07/2026 15:57,VNP-LD/00075790,dia000tk1,Internet trực tiếp,Vũ Thế Ninh,Đang xử lý,,Đã báo các đơn vị,,,,,
20/07/2026 15:58,V06/LD/260720/03770,dia000tkf,Internet trực tiếp,Nguyễn Duy Thành,,,,,,,,
20/07/2026 16:02,VNP-TD/00096901,MW000389453,Metronet LT,Đoàn Hải Hà,,,,,,,,
20/07/2026 16:03,VNP-DC/00015922,MN001384552,Metronet NT,Đào Anh Vũ,Đang xử lý,,Chuyển VTT thực hiện,,,,,
20/07/2026 16:09,VNP-TD/00096906,MN001042199,Metronet LT,Vũ Thế Ninh,Đang xử lý,,Đã báo các đơn vị,,,,,
20/07/2026 16:10,VNP-TD/00096905,MN001042206,Metronet LT,Vũ Thế Ninh,Đang xử lý,,Đã báo các đơn vị,,,,,
20/07/2026 16:10,VNP-TL/00067224,MW000388134,Metronet NT,Đăng Văn Minh,,,,,,,,
20/07/2026 16:12,VNP-TD/00096904,MW000388755,Metronet LT,Vũ Thế Ninh,Đang xử lý,,Đã báo các đơn vị,,,,,
20/07/2026 16:12,51758,,Fiber,Ngô Thị Minh Phương,,,,,,,,
20/07/2026 16:13,VNP-TL/00067216,fbr00e1dr,Fiber,Lương Tuấn Thanh,,,,,,,,
20/07/2026 16:13,VNP-TL/00067217,fbr00ejxf,Fiber,Lương Tuấn Thanh,,,,,,,,
20/07/2026 16:32,VNP-TD/00096910,DI001029035,Internet trực tiếp,Vũ Thế Ninh,Đang xử lý,,Đã báo các đơn vị,,,,,
20/07/2026 16:33,VNP-LD/00075791,mwk000tl7,Megawan NT,Đăng Văn Minh,,,,,,,,
20/07/2026 16:33,51759,,Megawan NT,Đăng Văn Minh,,,,,,,,
20/07/2026 16:34,VNP-DC/00015923,fbr00iu7g,Fiber,Ngô Thị Minh Phương,,,,,,,,
20/07/2026 16:48,VNP-TL/00067225,DI001058674,Internet trực tiếp,Nguyễn Duy Thành,,,,,,,,